Country Name,Country Code,Year,Secure Internet Servers (per million population)
Aruba,ABW,2010,88.5225585
Afghanistan,AFG,2010,0.479690142
Angola,AGO,2010,1.28445299
Albania,ALB,2010,4.119434772
Andorra,AND,2010,686.8050539
Arab World,ARB,2010,6.207515766
United Arab Emirates,ARE,2010,91.81299436
Argentina,ARG,2010,25.20321131
Armenia,ARM,2010,10.42637261
American Samoa,ASM,2010,53.49596105
Antigua and Barbuda,ATG,2010,681.6013087
Australia,AUS,2010,1402.793695
Austria,AUT,2010,690.1496089
Azerbaijan,AZE,2010,2.540220526
Burundi,BDI,2010,0.461063105
Belgium,BEL,2010,401.8140924
Benin,BEN,2010,0.108704408
Burkina Faso,BFA,2010,0.256324536
Bangladesh,BGD,2010,0.203285872
Bulgaria,BGR,2010,62.3343694
Bahrain,BHR,2010,74.94801992
"Bahamas, The",BHS,2010,366.2570223
Bosnia and Herzegovina,BIH,2010,11.87433072
Belarus,BLR,2010,5.057645036
Belize,BLZ,2010,213.9773742
Bermuda,BMU,2010,3562.43474
Bolivia,BOL,2010,5.771954075
Brazil,BRA,2010,28.25045889
Barbados,BRB,2010,187.855996
Brunei Darussalam,BRN,2010,41.16856986
Bhutan,BTN,2010,1.458782821
Botswana,BWA,2010,4.52920203
Central African Republic,CAF,2010,0
Canada,CAN,2010,1282.697909
Central Europe and the Baltics,CEB,2010,150.2756421
Switzerland,CHE,2010,1449.601523
Channel Islands,CHI,2010,0
Chile,CHL,2010,46.30026861
China,CHN,2010,1.199068554
Cote d'Ivoire,CIV,2010,0.535724287
Cameroon,CMR,2010,0.344128463
"Congo, Dem. Rep.",COD,2010,0.06195417
"Congo, Rep.",COG,2010,0
Colombia,COL,2010,10.50357453
Comoros,COM,2010,0
Cabo Verde,CPV,2010,24.35786576
Costa Rica,CRI,2010,103.5527326
Caribbean small states,CSS,2010,71.1294059
Cuba,CUB,2010,0.089080257
Curacao,CUW,2010,0
Cayman Islands,CYM,2010,1676.312818
Cyprus,CYP,2010,275.9272774
Czech Republic,CZE,2010,305.5064677
Germany,DEU,2010,1049.317943
Djibouti,DJI,2010,4.760782577
Dominica,DMA,2010,42.32625074
Denmark,DNK,2010,1588.050363
Dominican Republic,DOM,2010,11.86163638
Algeria,DZA,2010,0.361337399
East Asia & Pacific (excluding high income),EAP,2010,2.433933112
Early-demographic dividend,EAR,2010,7.115183414
East Asia & Pacific,EAS,2010,58.86470839
Europe & Central Asia (excluding high income),ECA,2010,27.49570513
Europe & Central Asia,ECS,2010,369.1011484
Ecuador,ECU,2010,10.5921498
"Egypt, Arab Rep.",EGY,2010,2.477005086
Euro area,EMU,2010,544.0315198
Eritrea,ERI,2010,0.315414131
Spain,ESP,2010,207.0554421
Estonia,EST,2010,535.496348
Ethiopia,ETH,2010,0.034230959
European Union,EUU,2010,488.0343869
Fragile and conflict affected situations,FCS,2010,0.542602761
Finland,FIN,2010,1017.460722
Fiji,FJI,2010,15.11947877
France,FRA,2010,278.0515636
Faroe Islands,FRO,2010,1735.893253
"Micronesia, Fed. Sts.",FSM,2010,29.15140267
Gabon,GAB,2010,2.462841873
United Kingdom,GBR,2010,1315.401967
Georgia,GEO,2010,9.506971119
Ghana,GHA,2010,0.887826403
Gibraltar,GIB,2010,4793.806759
Guinea,GIN,2010,0.098114475
"Gambia, The",GMB,2010,4.461308189
Guinea-Bissau,GNB,2010,0
Equatorial Guinea,GNQ,2010,0
Greece,GRC,2010,63.93113924
Grenada,GRD,2010,94.13270829
Greenland,GRL,2010,931.3768562
Guatemala,GTM,2010,7.245179683
Guam,GUM,2010,163.0666566
Guyana,GUY,2010,1.334336755
High income,HIC,2010,1089.227364
"Hong Kong SAR, China",HKG,2010,447.4530907
Honduras,HND,2010,6.011443384
Heavily indebted poor countries (HIPC),HPC,2010,0.536924121
Croatia,HRV,2010,117.7996972
Haiti,HTI,2010,0.201018723
Hungary,HUN,2010,167.6996143
IBRD only,IBD,2010,8.878408213
IDA & IBRD total,IBT,2010,6.936127469
IDA total,IDA,2010,0.59507595
IDA blend,IDB,2010,0.891135467
Indonesia,IDN,2010,1.637485415
IDA only,IDX,2010,0.441641701
Isle of Man,IMN,2010,58.92265812
India,IND,2010,1.669797814
Not classified,INX,2010,0
Ireland,IRL,2010,959.3972135
"Iran, Islamic Rep.",IRN,2010,1.247245908
Iraq,IRQ,2010,0.033622514
Iceland,ISL,2010,2333.032534
Israel,ISR,2010,444.4094653
Italy,ITA,2010,127.0635662
Jamaica,JAM,2010,24.19532746
Jordan,JOR,2010,11.84321946
Japan,JPN,2010,552.9007574
Kazakhstan,KAZ,2010,3.492246478
Kenya,KEN,2010,1.546489521
Kyrgyz Republic,KGZ,2010,1.835569669
Cambodia,KHM,2010,0.698704016
Kiribati,KIR,2010,0
St. Kitts and Nevis,KNA,2010,550.8405419
"Korea, Rep.",KOR,2010,175.3234928
Kuwait,KWT,2010,78.88006353
Latin America & Caribbean (excluding high income),LAC,2010,18.47937189
Lao PDR,LAO,2010,0.480064137
Lebanon,LBN,2010,16.75731432
Liberia,LBR,2010,0.513959658
Libya,LBY,2010,1.129457991
St. Lucia,LCA,2010,45.95456243
Latin America & Caribbean,LCN,2010,21.31277278
Least developed countries: UN classification,LDC,2010,0.338516887
Low income,LIC,2010,0.290109777
Liechtenstein,LIE,2010,3806.189921
Sri Lanka,LKA,2010,3.553495932
Lower middle income,LMC,2010,1.786534828
Low & middle income,LMY,2010,5.589848443
Lesotho,LSO,2010,0.501107196
Late-demographic dividend,LTE,2010,13.89529773
Lithuania,LTU,2010,177.2521843
Luxembourg,LUX,2010,1195.377086
Latvia,LVA,2010,227.4076246
"Macao SAR, China",MAC,2010,209.9517111
St. Martin (French part),MAF,2010,0
Morocco,MAR,2010,1.576829194
Monaco,MCO,2010,786.2518252
Moldova,MDA,2010,10.66802918
Madagascar,MDG,2010,0.283665947
Maldives,MDV,2010,24.60804847
Middle East & North Africa,MEA,2010,16.4724161
Mexico,MEX,2010,13.41888193
Marshall Islands,MHL,2010,17.7411915
Middle income,MIC,2010,6.164020545
North Macedonia,MKD,2010,19.79967558
Mali,MLI,2010,0.465136275
Malta,MLT,2010,1654.97409
Myanmar,MMR,2010,0.019762526
Middle East & North Africa (excluding high income),MNA,2010,1.90217002
Montenegro,MNE,2010,20.98710423
Mongolia,MNG,2010,9.191527911
Northern Mariana Islands,MNP,2010,129.6992829
Mozambique,MOZ,2010,0.764929707
Mauritania,MRT,2010,1.717133703
Mauritius,MUS,2010,30.39027511
Malawi,MWI,2010,0.206332879
Malaysia,MYS,2010,44.91628006
North America,NAC,2010,2363.195169
Namibia,NAM,2010,6.607282925
New Caledonia,NCL,2010,128.1281281
Niger,NER,2010,0.182215467
Nigeria,NGA,2010,0.643520143
Nicaragua,NIC,2010,4.635937271
Netherlands,NLD,2010,2084.813637
Norway,NOR,2010,1557.293426
Nepal,NPL,2010,0.888454139
Nauru,NRU,2010,0
New Zealand,NZL,2010,1388.742042
OECD members,OED,2010,1009.95357
Oman,OMN,2010,20.38512097
Other small states,OSS,2010,115.2951914
Pakistan,PAK,2010,0.590777272
Panama,PAN,2010,133.9670414
Peru,PER,2010,10.36941506
Philippines,PHL,2010,5.044335881
Palau,PLW,2010,0
Papua New Guinea,PNG,2010,1.504683601
Poland,POL,2010,155.0096452
Pre-demographic dividend,PRE,2010,0.502456568
Puerto Rico,PRI,2010,95.1222953
"Korea, Dem. People’s Rep.",PRK,2010,0
Portugal,PRT,2010,162.3932432
Paraguay,PRY,2010,6.081926754
West Bank and Gaza,PSE,2010,3.697676882
Pacific island small states,PSS,2010,15.42657427
Post-demographic dividend,PST,2010,1151.916602
French Polynesia,PYF,2010,63.80064176
Qatar,QAT,2010,61.95029216
Romania,ROU,2010,39.01837474
Russian Federation,RUS,2010,17.09492068
Rwanda,RWA,2010,0.896473453
South Asia,SAS,2010,1.413845491
Saudi Arabia,SAU,2010,13.09193555
Sudan,SDN,2010,0.173267584
Senegal,SEN,2010,1.025386358
Singapore,SGP,2010,531.6412212
Solomon Islands,SLB,2010,1.894438119
Sierra Leone,SLE,2010,0.467607722
El Salvador,SLV,2010,13.58371571
San Marino,SMR,2010,960.6455538
Somalia,SOM,2010,0
Serbia,SRB,2010,7.405948568
Sub-Saharan Africa (excluding high income),SSA,2010,3.670674761
South Sudan,SSD,2010,0
Sub-Saharan Africa,SSF,2010,3.677317726
Small states,SST,2010,99.62754489
Sao Tome and Principe,STP,2010,0
Suriname,SUR,2010,11.33934697
Slovak Republic,SVK,2010,136.8839573
Slovenia,SVN,2010,333.8893274
Sweden,SWE,2010,1201.199472
Eswatini,SWZ,2010,4.695554343
Sint Maarten (Dutch part),SXM,2010,0
Seychelles,SYC,2010,66.83747354
Syrian Arab Republic,SYR,2010,0.280865622
Turks and Caicos Islands,TCA,2010,91.85548071
Chad,TCD,2010,0.083667053
East Asia & Pacific (IDA & IBRD countries),TEA,2010,2.463213007
Europe & Central Asia (IDA & IBRD countries),TEC,2010,39.41998483
Togo,TGO,2010,0.155722514
Thailand,THA,2010,11.20618627
Tajikistan,TJK,2010,0.265696202
Turkmenistan,TKM,2010,0.196571286
Latin America & the Caribbean (IDA & IBRD countries),TLA,2010,20.70636155
Timor-Leste,TLS,2010,1.828951014
Middle East & North Africa (IDA & IBRD countries),TMN,2010,1.881506645
Tonga,TON,2010,9.616679168
South Asia (IDA & IBRD),TSA,2010,1.413845491
Sub-Saharan Africa (IDA & IBRD countries),TSS,2010,3.677317726
Trinidad and Tobago,TTO,2010,44.42279356
Tunisia,TUN,2010,6.205781456
Turkey,TUR,2010,86.34397993
Tuvalu,TUV,2010,0
Tanzania,TZA,2010,0.496092986
Uganda,UGA,2010,0.277536501
Ukraine,UKR,2010,12.36083164
Upper middle income,UMC,2010,10.87593526
Uruguay,URY,2010,35.72199358
United States,USA,2010,2481.7241
Uzbekistan,UZB,2010,0.070022127
St. Vincent and the Grenadines,VCT,2010,18.47489723
"Venezuela, RB",VEN,2010,7.067525459
British Virgin Islands,VGB,2010,611.6428006
Virgin Islands (U.S.),VIR,2010,276.860038
Vietnam,VNM,2010,2.29629867
Vanuatu,VUT,2010,42.33503097
World,WLD,2010,187.2531075
Samoa,WSM,2010,26.88909325
Kosovo,XKX,2010,0
"Yemen, Rep.",YEM,2010,0.215937435
South Africa,ZAF,2010,52.07259064
Zambia,ZMB,2010,0.367485365
Zimbabwe,ZWE,2010,0.472525665
Aruba,ABW,2011,127.3935284
Afghanistan,AFG,2011,0.531254129
Angola,AGO,2011,1.857917916
Albania,ALB,2011,8.261063371
Andorra,AND,2011,943.3173726
Arab World,ARB,2011,9.012434279
United Arab Emirates,ARE,2011,125.6318337
Argentina,ARG,2011,34.0268856
Armenia,ARM,2011,18.77256619
American Samoa,ASM,2011,17.9343245
Antigua and Barbuda,ATG,2011,817.8996784
Australia,AUS,2011,2171.394265
Austria,AUT,2011,1068.443927
Azerbaijan,AZE,2011,4.905657662
Burundi,BDI,2011,0.446508006
Belgium,BEL,2011,597.9201077
Benin,BEN,2011,0.317096914
Burkina Faso,BFA,2011,0.248726659
Bangladesh,BGD,2011,0.489034317
Bulgaria,BGR,2011,101.3836073
Bahrain,BHR,2011,109.5332242
"Bahamas, The",BHS,2011,414.3757804
Bosnia and Herzegovina,BIH,2011,18.02699953
Belarus,BLR,2011,9.07826861
Belize,BLZ,2011,281.6159304
Bermuda,BMU,2011,5529.397187
Bolivia,BOL,2011,8.126933696
Brazil,BRA,2011,44.09295774
Barbados,BRB,2011,247.3611862
Brunei Darussalam,BRN,2011,58.42189754
Bhutan,BTN,2011,2.884762397
Botswana,BWA,2011,5.954147113
Central African Republic,CAF,2011,0
Canada,CAN,2011,1641.936616
Central Europe and the Baltics,CEB,2011,220.5059959
Switzerland,CHE,2011,2439.083575
Channel Islands,CHI,2011,0
Chile,CHL,2011,64.40915107
China,CHN,2011,1.957399954
Cote d'Ivoire,CIV,2011,0.665758224
Cameroon,CMR,2011,0.430490432
"Congo, Dem. Rep.",COD,2011,0.074900585
"Congo, Rep.",COG,2011,0.227539362
Colombia,COL,2011,14.89167435
Comoros,COM,2011,1.415289943
Cabo Verde,CPV,2011,28.06421091
Costa Rica,CRI,2011,137.9210315
Caribbean small states,CSS,2011,95.69395705
Cuba,CUB,2011,0
Curacao,CUW,2011,0
Cayman Islands,CYM,2011,2937.212758
Cyprus,CYP,2011,406.2825326
Czech Republic,CZE,2011,470.0799002
Germany,DEU,2011,1471.903146
Djibouti,DJI,2011,7.028444113
Dominica,DMA,2011,70.5059507
Denmark,DNK,2011,2368.158961
Dominican Republic,DOM,2011,13.75696637
Algeria,DZA,2011,0.490979024
East Asia & Pacific (excluding high income),EAP,2011,3.555492647
Early-demographic dividend,EAR,2011,10.0048907
East Asia & Pacific,EAS,2011,78.60059834
Europe & Central Asia (excluding high income),ECA,2011,41.35546357
Europe & Central Asia,ECS,2011,530.1475966
Ecuador,ECU,2011,13.84161765
"Egypt, Arab Rep.",EGY,2011,2.981216561
Euro area,EMU,2011,782.2887105
Eritrea,ERI,2011,0.311141479
Spain,ESP,2011,265.0039641
Estonia,EST,2011,730.7303763
Ethiopia,ETH,2011,0.044375452
European Union,EUU,2011,703.880042
Fragile and conflict affected situations,FCS,2011,0.861192324
Finland,FIN,2011,1581.026348
Fiji,FJI,2011,24.32106586
France,FRA,2011,401.4062456
Faroe Islands,FRO,2011,2258.327583
"Micronesia, Fed. Sts.",FSM,2011,77.33204447
Gabon,GAB,2011,18.40161222
United Kingdom,GBR,2011,1811.950056
Georgia,GEO,2011,14.90772782
Ghana,GHA,2011,1.299841537
Gibraltar,GIB,2011,5265.976437
Guinea,GIN,2011,0.095964952
"Gambia, The",GMB,2011,2.164330002
Guinea-Bissau,GNB,2011,0
Equatorial Guinea,GNQ,2011,1.013322146
Greece,GRC,2011,92.84190698
Grenada,GRD,2011,74.90917263
Greenland,GRL,2011,1107.400246
Guatemala,GTM,2011,10.23493319
Guam,GUM,2011,181.5995792
Guyana,GUY,2011,5.31895089
High income,HIC,2011,1393.66363
"Hong Kong SAR, China",HKG,2011,639.3178347
Honduras,HND,2011,8.254063859
Heavily indebted poor countries (HIPC),HPC,2011,0.712243556
Croatia,HRV,2011,172.6384624
Haiti,HTI,2011,0.396027057
Hungary,HUN,2011,217.8158307
IBRD only,IBD,2011,13.01587749
IDA & IBRD total,IBT,2011,10.13765564
IDA total,IDA,2011,0.860962989
IDA blend,IDB,2011,1.294345469
Indonesia,IDN,2011,2.427420078
IDA only,IDX,2011,0.635907524
Isle of Man,IMN,2011,247.390618
India,IND,2011,2.273074958
Not classified,INX,2011,0
Ireland,IRL,2011,1508.050944
"Iran, Islamic Rep.",IRN,2011,1.701615527
Iraq,IRQ,2011,0.260371746
Iceland,ISL,2011,3269.44899
Israel,ISR,2011,651.0597749
Italy,ITA,2011,190.4025751
Jamaica,JAM,2011,32.20179983
Jordan,JOR,2011,17.09484022
Japan,JPN,2011,679.6210681
Kazakhstan,KAZ,2011,5.496098042
Kenya,KEN,2011,2.200181448
Kyrgyz Republic,KGZ,2011,1.45069452
Cambodia,KHM,2011,1.237843091
Kiribati,KIR,2011,0
St. Kitts and Nevis,KNA,2011,1456.104516
"Korea, Rep.",KOR,2011,208.5242503
Kuwait,KWT,2011,116.7907173
Latin America & Caribbean (excluding high income),LAC,2011,26.70448307
Lao PDR,LAO,2011,0.94524406
Lebanon,LBN,2011,30.75537311
Liberia,LBR,2011,0.248914546
Libya,LBY,2011,1.120459119
St. Lucia,LCA,2011,51.26919747
Latin America & Caribbean,LCN,2011,30.57794567
Least developed countries: UN classification,LDC,2011,0.501926255
Low income,LIC,2011,0.381758961
Liechtenstein,LIE,2011,7494.558179
Sri Lanka,LKA,2011,5.196417217
Lower middle income,LMC,2011,2.54833725
Low & middle income,LMY,2011,8.205639154
Lesotho,LSO,2011,0.998110079
Late-demographic dividend,LTE,2011,20.97532821
Lithuania,LTU,2011,249.9905056
Luxembourg,LUX,2011,1543.367667
Latvia,LVA,2011,326.7451858
"Macao SAR, China",MAC,2011,263.2381561
St. Martin (French part),MAF,2011,0
Morocco,MAR,2011,2.318356042
Monaco,MCO,2011,1415.722851
Moldova,MDA,2011,19.38209869
Madagascar,MDG,2011,0.413907913
Maldives,MDV,2011,28.90970972
Middle East & North Africa,MEA,2011,23.58453885
Mexico,MEX,2011,17.29540446
Marshall Islands,MHL,2011,53.06822805
Middle income,MIC,2011,9.064974385
North Macedonia,MKD,2011,22.19555539
Mali,MLI,2011,0.451188175
Malta,MLT,2011,2039.551443
Myanmar,MMR,2011,0.019611452
Middle East & North Africa (excluding high income),MNA,2011,2.659269847
Montenegro,MNE,2011,27.41586153
Mongolia,MNG,2011,12.63372801
Northern Mariana Islands,MNP,2011,222.1728505
Mozambique,MOZ,2011,1.240310744
Mauritania,MRT,2011,1.111528552
Mauritius,MUS,2011,43.91554163
Malawi,MWI,2011,0.334177421
Malaysia,MYS,2011,57.58970338
North America,NAC,2011,2853.343746
Namibia,NAM,2011,11.12810723
New Caledonia,NCL,2011,172.9899744
Niger,NER,2011,0.11685819
Nigeria,NGA,2011,0.952058797
Nicaragua,NIC,2011,5.59034084
Netherlands,NLD,2011,3200.848448
Norway,NOR,2011,2333.89756
Nepal,NPL,2011,1.294309914
Nauru,NRU,2011,99.43323059
New Zealand,NZL,2011,2033.074818
OECD members,OED,2011,1290.556991
Oman,OMN,2011,24.91458297
Other small states,OSS,2011,156.1093966
Pakistan,PAK,2011,0.796332107
Panama,PAN,2011,166.4650829
Peru,PER,2011,14.79617601
Philippines,PHL,2011,7.05241884
Palau,PLW,2011,0
Papua New Guinea,PNG,2011,2.408929097
Poland,POL,2011,227.3846522
Pre-demographic dividend,PRE,2011,0.703638994
Puerto Rico,PRI,2011,134.8290661
"Korea, Dem. People’s Rep.",PRK,2011,0
Portugal,PRT,2011,213.685738
Paraguay,PRY,2011,8.525450681
West Bank and Gaza,PSE,2011,5.150675279
Pacific island small states,PSS,2011,26.89178075
Post-demographic dividend,PST,2011,1473.362491
French Polynesia,PYF,2011,78.44660774
Qatar,QAT,2011,94.79971963
Romania,ROU,2011,60.90077155
Russian Federation,RUS,2011,28.86104469
Rwanda,RWA,2011,0.777202249
South Asia,SAS,2011,1.944588073
Saudi Arabia,SAU,2011,20.41200049
Sudan,SDN,2011,0.253013416
Senegal,SEN,2011,0.997406054
Singapore,SGP,2011,927.9107848
Solomon Islands,SLB,2011,7.386601812
Sierra Leone,SLE,2011,0.609455086
El Salvador,SLV,2011,15.94057098
San Marino,SMR,2011,1168.630176
Somalia,SOM,2011,0
Serbia,SRB,2011,25.98803251
Sub-Saharan Africa (excluding high income),SSA,2011,5.674017357
South Sudan,SSD,2011,0
Sub-Saharan Africa,SSF,2011,5.689411038
Small states,SST,2011,135.3581728
Sao Tome and Principe,STP,2011,5.419349245
Suriname,SUR,2011,18.68533706
Slovak Republic,SVK,2011,198.948426
Slovenia,SVN,2011,499.3075457
Sweden,SWE,2011,1711.676941
Eswatini,SWZ,2011,6.529655831
Sint Maarten (Dutch part),SXM,2011,0
Seychelles,SYC,2011,160.1079585
Syrian Arab Republic,SYR,2011,0.332021595
Turks and Caicos Islands,TCA,2011,239.6860113
Chad,TCD,2011,0.161799351
East Asia & Pacific (IDA & IBRD countries),TEA,2011,3.599915573
Europe & Central Asia (IDA & IBRD countries),TEC,2011,58.66398827
Togo,TGO,2011,0.303216689
Thailand,THA,2011,15.13661865
Tajikistan,TJK,2011,0.779472843
Turkmenistan,TKM,2011,0.193270888
Latin America & the Caribbean (IDA & IBRD countries),TLA,2011,29.73883697
Timor-Leste,TLS,2011,1.796701436
Middle East & North Africa (IDA & IBRD countries),TMN,2011,2.630386081
Tonga,TON,2011,9.656051447
South Asia (IDA & IBRD),TSA,2011,1.944588073
Sub-Saharan Africa (IDA & IBRD countries),TSS,2011,5.689411038
Trinidad and Tobago,TTO,2011,61.36906909
Tunisia,TUN,2011,7.633673063
Turkey,TUR,2011,118.3080471
Tuvalu,TUV,2011,0
Tanzania,TZA,2011,0.591154516
Uganda,UGA,2011,0.657169198
Ukraine,UKR,2011,20.96000315
Upper middle income,UMC,2011,16.13577445
Uruguay,URY,2011,58.47547028
United States,USA,2011,2986.298778
Uzbekistan,UZB,2011,0.272670879
St. Vincent and the Grenadines,VCT,2011,55.39347834
"Venezuela, RB",VEN,2011,6.542425431
British Virgin Islands,VGB,2011,776.8635898
Virgin Islands (U.S.),VIR,2011,480.1832084
Vietnam,VNM,2011,3.679467271
Vanuatu,VUT,2011,61.81666825
World,WLD,2011,238.8776833
Samoa,WSM,2011,37.3395068
Kosovo,XKX,2011,0
"Yemen, Rep.",YEM,2011,0.294023905
South Africa,ZAF,2011,82.32031845
Zambia,ZMB,2011,0.927035662
Zimbabwe,ZWE,2011,0.930642618
Aruba,ABW,2012,253.5101404
Afghanistan,AFG,2012,1.219458345
Angola,AGO,2012,3.186244219
Albania,ALB,2012,25.51371345
Andorra,AND,2012,1116.139129
Arab World,ARB,2012,16.69403852
United Arab Emirates,ARE,2012,237.0483229
Argentina,ARG,2012,63.33076552
Armenia,ARM,2012,30.16404037
American Samoa,ASM,2012,17.96396429
Antigua and Barbuda,ATG,2012,519.8597485
Australia,AUS,2012,3187.899425
Austria,AUT,2012,1613.40623
Azerbaijan,AZE,2012,10.75756493
Burundi,BDI,2012,0.432620073
Belgium,BEL,2012,957.330071
Benin,BEN,2012,0.9250458
Burkina Faso,BFA,2012,0.603454924
Bangladesh,BGD,2012,0.735061334
Bulgaria,BGR,2012,251.7147813
Bahrain,BHR,2012,208.4706791
"Bahamas, The",BHS,2012,530.826439
Bosnia and Herzegovina,BIH,2012,33.84214912
Belarus,BLR,2012,25.46358786
Belize,BLZ,2012,979.2899408
Bermuda,BMU,2012,6682.305009
Bolivia,BOL,2012,10.503315
Brazil,BRA,2012,70.54639348
Barbados,BRB,2012,292.5625661
Brunei Darussalam,BRN,2012,122.8104033
Bhutan,BTN,2012,11.40278485
Botswana,BWA,2012,9.806079868
Central African Republic,CAF,2012,0
Canada,CAN,2012,2146.094474
Central Europe and the Baltics,CEB,2012,401.7017584
Switzerland,CHE,2012,3486.493013
Channel Islands,CHI,2012,0
Chile,CHL,2012,102.9289818
China,CHN,2012,3.775833923
Cote d'Ivoire,CIV,2012,1.809980959
Cameroon,CMR,2012,0.884326962
"Congo, Dem. Rep.",COD,2012,0.173860767
"Congo, Rep.",COG,2012,1.773758048
Colombia,COL,2012,30.40572567
Comoros,COM,2012,0
Cabo Verde,CPV,2012,61.35758607
Costa Rica,CRI,2012,163.609215
Caribbean small states,CSS,2012,150.1555637
Cuba,CUB,2012,0
Curacao,CUW,2012,13.15028142
Cayman Islands,CYM,2012,3935.00458
Cyprus,CYP,2012,1506.546871
Czech Republic,CZE,2012,834.6664878
Germany,DEU,2012,2194.90449
Djibouti,DJI,2012,1.151893252
Dominica,DMA,2012,197.2803495
Denmark,DNK,2012,3064.433401
Dominican Republic,DOM,2012,24.06627146
Algeria,DZA,2012,1.230476649
East Asia & Pacific (excluding high income),EAP,2012,6.876285785
Early-demographic dividend,EAR,2012,17.51171157
East Asia & Pacific,EAS,2012,112.2545899
Europe & Central Asia (excluding high income),ECA,2012,82.24965121
Europe & Central Asia,ECS,2012,791.8101163
Ecuador,ECU,2012,23.97554314
"Egypt, Arab Rep.",EGY,2012,5.056568772
Euro area,EMU,2012,1192.369589
Eritrea,ERI,2012,0
Spain,ESP,2012,403.6298249
Estonia,EST,2012,1255.768521
Ethiopia,ETH,2012,0.258824372
European Union,EUU,2012,1074.81054
Fragile and conflict affected situations,FCS,2012,1.646212168
Finland,FIN,2012,2205.22053
Fiji,FJI,2012,47.39506328
France,FRA,2012,622.4660203
Faroe Islands,FRO,2012,3135.254896
"Micronesia, Fed. Sts.",FSM,2012,114.825943
Gabon,GAB,2012,8.001453978
United Kingdom,GBR,2012,2500.537674
Georgia,GEO,2012,43.71292782
Ghana,GHA,2012,2.69267545
Gibraltar,GIB,2012,7905.843191
Guinea,GIN,2012,0.375515313
"Gambia, The",GMB,2012,3.149588113
Guinea-Bissau,GNB,2012,0
Equatorial Guinea,GNQ,2012,0
Greece,GRC,2012,162.3357369
Grenada,GRD,2012,158.2190123
Greenland,GRL,2012,1777.856011
Guatemala,GTM,2012,14.47208518
Guam,GUM,2012,231.2557814
Guyana,GUY,2012,6.619018558
High income,HIC,2012,1888.250661
"Hong Kong SAR, China",HKG,2012,998.307716
Honduras,HND,2012,10.7630281
Heavily indebted poor countries (HIPC),HPC,2012,1.293424382
Croatia,HRV,2012,313.0595999
Haiti,HTI,2012,1.07307337
Hungary,HUN,2012,393.1308152
IBRD only,IBD,2012,23.48470821
IDA & IBRD total,IBT,2012,18.28278486
IDA total,IDA,2012,1.685654176
IDA blend,IDB,2012,2.582930444
Indonesia,IDN,2012,5.31288863
IDA only,IDX,2012,1.217440516
Isle of Man,IMN,2012,520.5067843
India,IND,2012,4.506302381
Not classified,INX,2012,0
Ireland,IRL,2012,2466.77217
"Iran, Islamic Rep.",IRN,2012,2.369609836
Iraq,IRQ,2012,0.564440069
Iceland,ISL,2012,4580.376408
Israel,ISR,2012,900.4487706
Italy,ITA,2012,303.2933462
Jamaica,JAM,2012,51.72173565
Jordan,JOR,2012,30.89901805
Japan,JPN,2012,909.613019
Kazakhstan,KAZ,2012,12.02947412
Kenya,KEN,2012,5.164239737
Kyrgyz Republic,KGZ,2012,6.777000999
Cambodia,KHM,2012,2.976904498
Kiribati,KIR,2012,9.40114694
St. Kitts and Nevis,KNA,2012,761.7214906
"Korea, Rep.",KOR,2012,268.327479
Kuwait,KWT,2012,187.8255032
Latin America & Caribbean (excluding high income),LAC,2012,43.65884863
Lao PDR,LAO,2012,1.862044245
Lebanon,LBN,2012,49.10958189
Liberia,LBR,2012,0.483598865
Libya,LBY,2012,1.431810047
St. Lucia,LCA,2012,113.2207919
Latin America & Caribbean,LCN,2012,48.84803392
Least developed countries: UN classification,LDC,2012,0.941033449
Low income,LIC,2012,0.813605676
Liechtenstein,LIE,2012,9777.413628
Sri Lanka,LKA,2012,9.253365973
Lower middle income,LMC,2012,4.923432398
Low & middle income,LMY,2012,15.03132106
Lesotho,LSO,2012,0.992560757
Late-demographic dividend,LTE,2012,36.99120665
Lithuania,LTU,2012,449.8333709
Luxembourg,LUX,2012,2320.386631
Latvia,LVA,2012,560.8756542
"Macao SAR, China",MAC,2012,381.1793156
St. Martin (French part),MAF,2012,27.02045448
Morocco,MAR,2012,3.399324551
Monaco,MCO,2012,2249.040044
Moldova,MDA,2012,36.52178848
Madagascar,MDG,2012,0.671241821
Maldives,MDV,2012,75.52166591
Middle East & North Africa,MEA,2012,36.2660074
Mexico,MEX,2012,26.82603
Marshall Islands,MHL,2012,35.26279599
Middle income,MIC,2012,16.60497587
North Macedonia,MKD,2012,45.31697294
Mali,MLI,2012,0.876122587
Malta,MLT,2012,2597.445885
Myanmar,MMR,2012,0.097250348
Middle East & North Africa (excluding high income),MNA,2012,4.431832559
Montenegro,MNE,2012,48.34023793
Mongolia,MNG,2012,28.67562172
Northern Mariana Islands,MNP,2012,220.9497155
Mozambique,MOZ,2012,1.809943977
Mauritania,MRT,2012,0.269792373
Mauritius,MUS,2012,96.34663129
Malawi,MWI,2012,1.299038289
Malaysia,MYS,2012,101.4168114
North America,NAC,2012,3673.437847
Namibia,NAM,2012,29.16004491
New Caledonia,NCL,2012,320.4633205
Niger,NER,2012,0.22477983
Nigeria,NGA,2012,1.734151398
Nicaragua,NIC,2012,10.69782229
Netherlands,NLD,2012,4852.83106
Norway,NOR,2012,3000.055992
Nepal,NPL,2012,2.334209786
Nauru,NRU,2012,0
New Zealand,NZL,2012,2862.457748
OECD members,OED,2012,1746.171523
Oman,OMN,2012,60.60555816
Other small states,OSS,2012,274.7212003
Pakistan,PAK,2012,1.281493538
Panama,PAN,2012,232.5874975
Peru,PER,2012,24.77396049
Philippines,PHL,2012,11.7885907
Palau,PLW,2012,56.6893424
Papua New Guinea,PNG,2012,6.159086317
Poland,POL,2012,399.2836749
Pre-demographic dividend,PRE,2012,1.396373655
Puerto Rico,PRI,2012,167.5614282
"Korea, Dem. People’s Rep.",PRK,2012,0
Portugal,PRT,2012,358.2554339
Paraguay,PRY,2012,14.94975015
West Bank and Gaza,PSE,2012,11.55779475
Pacific island small states,PSS,2012,45.61621528
Post-demographic dividend,PST,2012,1991.729811
French Polynesia,PYF,2012,130.1124915
Qatar,QAT,2012,173.0360634
Romania,ROU,2012,131.3688006
Russian Federation,RUS,2012,57.57614178
Rwanda,RWA,2012,2.55931982
South Asia,SAS,2012,3.790949298
Saudi Arabia,SAU,2012,40.33587574
Sudan,SDN,2012,0.328589035
Senegal,SEN,2012,2.089241815
Singapore,SGP,2012,1898.940166
Solomon Islands,SLB,2012,12.58847902
Sierra Leone,SLE,2012,1.340765944
El Salvador,SLV,2012,22.283058
San Marino,SMR,2012,1557.389815
Somalia,SOM,2012,0.235932338
Serbia,SRB,2012,53.06235786
Sub-Saharan Africa (excluding high income),SSA,2012,9.983921309
South Sudan,SSD,2012,0
Sub-Saharan Africa,SSF,2012,10.00520365
Small states,SST,2012,234.7153636
Sao Tome and Principe,STP,2012,5.307742935
Suriname,SUR,2012,27.71388188
Slovak Republic,SVK,2012,357.6461851
Slovenia,SVN,2012,967.3535201
Sweden,SWE,2012,2392.489254
Eswatini,SWZ,2012,8.338830785
Sint Maarten (Dutch part),SXM,2012,0
Seychelles,SYC,2012,226.4928711
Syrian Arab Republic,SYR,2012,1.36969274
Turks and Caicos Islands,TCA,2012,293.5478189
Chad,TCD,2012,0.07821819
East Asia & Pacific (IDA & IBRD countries),TEA,2012,6.963004785
Europe & Central Asia (IDA & IBRD countries),TEC,2012,111.6605707
Togo,TGO,2012,0.442882415
Thailand,THA,2012,30.88332638
Tajikistan,TJK,2012,1.142881089
Turkmenistan,TKM,2012,0.569486892
Latin America & the Caribbean (IDA & IBRD countries),TLA,2012,47.97348601
Timor-Leste,TLS,2012,0.882617207
Middle East & North Africa (IDA & IBRD countries),TMN,2012,4.348667402
Tonga,TON,2012,29.20077479
South Asia (IDA & IBRD),TSA,2012,3.790949298
Sub-Saharan Africa (IDA & IBRD countries),TSS,2012,10.00520365
Trinidad and Tobago,TTO,2012,105.5905748
Tunisia,TUN,2012,10.78639056
Turkey,TUR,2012,224.1436568
Tuvalu,TUV,2012,0
Tanzania,TZA,2012,0.977631764
Uganda,UGA,2012,1.678281144
Ukraine,UKR,2012,40.92706604
Upper middle income,UMC,2012,29.37562571
Uruguay,URY,2012,84.34512962
United States,USA,2012,3841.73956
Uzbekistan,UZB,2012,0.906816235
St. Vincent and the Grenadines,VCT,2012,92.22114631
"Venezuela, RB",VEN,2012,12.09027217
British Virgin Islands,VGB,2012,2652.705061
Virgin Islands (U.S.),VIR,2012,628.5180838
Vietnam,VNM,2012,9.042065839
Vanuatu,VUT,2012,96.19277031
World,WLD,2012,325.2354338
Samoa,WSM,2012,63.46251481
Kosovo,XKX,2012,0
"Yemen, Rep.",YEM,2012,0.531193783
South Africa,ZAF,2012,142.6921923
Zambia,ZMB,2012,1.935690687
Zimbabwe,ZWE,2012,3.58364701
Aruba,ABW,2013,426.5260423
Afghanistan,AFG,2013,1.425490731
Angola,AGO,2013,4.574146922
Albania,ALB,2013,35.57745315
Andorra,AND,2013,978.0374873
Arab World,ARB,2013,20.49847127
United Arab Emirates,ARE,2013,275.3886481
Argentina,ARG,2013,73.85742248
Armenia,ARM,2013,54.52818624
American Samoa,ASM,2013,0
Antigua and Barbuda,ATG,2013,710.2583155
Australia,AUS,2013,3505.125728
Austria,AUT,2013,1857.468016
Azerbaijan,AZE,2013,16.77852171
Burundi,BDI,2013,0.314455883
Belgium,BEL,2013,1260.550852
Benin,BEN,2013,0.99954141
Burkina Faso,BFA,2013,0.702873434
Bangladesh,BGD,2013,0.955718323
Bulgaria,BGR,2013,322.5000568
Bahrain,BHR,2013,247.9032782
"Bahamas, The",BHS,2013,620.9691476
Bosnia and Herzegovina,BIH,2013,41.49488865
Belarus,BLR,2013,38.66470695
Belize,BLZ,2013,1015.287158
Bermuda,BMU,2013,7292.195505
Bolivia,BOL,2013,14.22829161
Brazil,BRA,2013,86.83026136
Barbados,BRB,2013,383.4032136
Brunei Darussalam,BRN,2013,150.8329192
Bhutan,BTN,2013,9.855851137
Botswana,BWA,2013,10.66648049
Central African Republic,CAF,2013,0
Canada,CAN,2013,2362.885406
Central Europe and the Baltics,CEB,2013,523.6626057
Switzerland,CHE,2013,3954.955073
Channel Islands,CHI,2013,0
Chile,CHL,2013,127.4221955
China,CHN,2013,5.156256907
Cote d'Ivoire,CIV,2013,2.444821178
Cameroon,CMR,2013,1.268271144
"Congo, Dem. Rep.",COD,2013,0.154150559
"Congo, Rep.",COG,2013,1.94688845
Colombia,COL,2013,41.35726945
Comoros,COM,2013,1.348608573
Cabo Verde,CPV,2013,62.53077687
Costa Rica,CRI,2013,272.8744839
Caribbean small states,CSS,2013,176.4623634
Cuba,CUB,2013,
Curacao,CUW,2013,1313.206173
Cayman Islands,CYM,2013,3754.254822
Cyprus,CYP,2013,980.8841245
Czech Republic,CZE,2013,1079.865539
Germany,DEU,2013,2601.183288
Djibouti,DJI,2013,4.52850866
Dominica,DMA,2013,168.9760054
Denmark,DNK,2013,3458.456843
Dominican Republic,DOM,2013,26.87042009
Algeria,DZA,2013,1.782898916
East Asia & Pacific (excluding high income),EAP,2013,9.02175775
Early-demographic dividend,EAR,2013,21.04413872
East Asia & Pacific,EAS,2013,130.2035067
Europe & Central Asia (excluding high income),ECA,2013,104.4524623
Europe & Central Asia,ECS,2013,935.5293123
Ecuador,ECU,2013,30.68602883
"Egypt, Arab Rep.",EGY,2013,6.368444009
Euro area,EMU,2013,1428.149962
Eritrea,ERI,2013,0
Spain,ESP,2013,488.330717
Estonia,EST,2013,1613.812475
Ethiopia,ETH,2013,0.293544788
European Union,EUU,2013,1289.720619
Fragile and conflict affected situations,FCS,2013,2.077105761
Finland,FIN,2013,2525.477241
Fiji,FJI,2013,49.67606584
France,FRA,2013,821.3496732
Faroe Islands,FRO,2013,3466.132131
"Micronesia, Fed. Sts.",FSM,2013,103.8460812
Gabon,GAB,2013,12.10739701
United Kingdom,GBR,2013,2832.496879
Georgia,GEO,2013,63.7496409
Ghana,GHA,2013,4.246900195
Gibraltar,GIB,2013,7984.091179
Guinea,GIN,2013,0.367214704
"Gambia, The",GMB,2013,4.073919227
Guinea-Bissau,GNB,2013,0
Equatorial Guinea,GNQ,2013,0.929011448
Greece,GRC,2013,212.4902111
Grenada,GRD,2013,175.6494407
Greenland,GRL,2013,2018.306393
Guatemala,GTM,2013,17.50468924
Guam,GUM,2013,299.2388113
Guyana,GUY,2013,9.219199642
High income,HIC,2013,2154.505275
"Hong Kong SAR, China",HKG,2013,1161.598574
Honduras,HND,2013,13.29768946
Heavily indebted poor countries (HIPC),HPC,2013,1.648738871
Croatia,HRV,2013,396.8805051
Haiti,HTI,2013,1.34606674
Hungary,HUN,2013,515.4106678
IBRD only,IBD,2013,29.7826521
IDA & IBRD total,IBT,2013,23.11073807
IDA total,IDA,2013,2.15068618
IDA blend,IDB,2013,3.330195981
Indonesia,IDN,2013,7.823470668
IDA only,IDX,2013,1.537281919
Isle of Man,IMN,2013,809.7551681
India,IND,2013,6.152183171
Not classified,INX,2013,0
Ireland,IRL,2013,2641.757371
"Iran, Islamic Rep.",IRN,2013,3.111845629
Iraq,IRQ,2013,0.904784955
Iceland,ISL,2013,5522.54111
Israel,ISR,2013,960.3573423
Italy,ITA,2013,374.9878723
Jamaica,JAM,2013,71.01107528
Jordan,JOR,2013,34.50534129
Japan,JPN,2013,1054.737338
Kazakhstan,KAZ,2013,17.37542962
Kenya,KEN,2013,6.942020443
Kyrgyz Republic,KGZ,2013,7.692845654
Cambodia,KHM,2013,3.992990438
Kiribati,KIR,2013,9.268699601
St. Kitts and Nevis,KNA,2013,655.6595339
"Korea, Rep.",KOR,2013,337.1083319
Kuwait,KWT,2013,224.0258985
Latin America & Caribbean (excluding high income),LAC,2013,54.97637648
Lao PDR,LAO,2013,2.598870195
Lebanon,LBN,2013,57.31559131
Liberia,LBR,2013,0.470772778
Libya,LBY,2013,5.695878984
St. Lucia,LCA,2013,129.5679753
Latin America & Caribbean,LCN,2013,61.7096347
Least developed countries: UN classification,LDC,2013,1.216299705
Low income,LIC,2013,1.005553515
Liechtenstein,LIE,2013,11615.3138
Sri Lanka,LKA,2013,11.56181686
Lower middle income,LMC,2013,6.610492333
Low & middle income,LMY,2013,19.03102743
Lesotho,LSO,2013,1.971881949
Late-demographic dividend,LTE,2013,46.24675472
Lithuania,LTU,2013,636.3076037
Luxembourg,LUX,2013,3248.306832
Latvia,LVA,2013,710.5071083
"Macao SAR, China",MAC,2013,415.6765482
St. Martin (French part),MAF,2013,54.86516885
Morocco,MAR,2013,5.398079761
Monaco,MCO,2013,3875.233734
Moldova,MDA,2013,47.21002786
Madagascar,MDG,2013,0.696826083
Maldives,MDV,2013,79.4046098
Middle East & North Africa,MEA,2013,41.10953558
Mexico,MEX,2013,31.60893493
Marshall Islands,MHL,2013,17.56296322
Middle income,MIC,2013,21.07157913
North Macedonia,MKD,2013,65.02680308
Mali,MLI,2013,0.972652418
Malta,MLT,2013,2601.140464
Myanmar,MMR,2013,0.173569423
Middle East & North Africa (excluding high income),MNA,2013,5.789936443
Montenegro,MNE,2013,57.95169726
Mongolia,MNG,2013,40.59973794
Northern Mariana Islands,MNP,2013,438.0841121
Mozambique,MOZ,2013,2.38647378
Mauritania,MRT,2013,0.523903901
Mauritius,MUS,2013,126.3255242
Malawi,MWI,2013,1.452087214
Malaysia,MYS,2013,122.2985393
North America,NAC,2013,4109.890796
Namibia,NAM,2013,33.13170749
New Caledonia,NCL,2013,379.2907263
Niger,NER,2013,0.270208122
Nigeria,NGA,2013,2.223958838
Nicaragua,NIC,2013,12.7011273
Netherlands,NLD,2013,5668.32607
Norway,NOR,2013,3211.261938
Nepal,NPL,2013,2.93484939
Nauru,NRU,2013,0
New Zealand,NZL,2013,3193.984827
OECD members,OED,2013,1990.542415
Oman,OMN,2013,74.6386599
Other small states,OSS,2013,288.3004113
Pakistan,PAK,2013,1.714916837
Panama,PAN,2013,258.1192182
Peru,PER,2013,29.28731043
Philippines,PHL,2013,12.47072565
Palau,PLW,2013,170.3964558
Papua New Guinea,PNG,2013,7.703785345
Poland,POL,2013,517.7418118
Pre-demographic dividend,PRE,2013,1.800775471
Puerto Rico,PRI,2013,185.0781378
"Korea, Dem. People’s Rep.",PRK,2013,0
Portugal,PRT,2013,422.6714461
Paraguay,PRY,2013,23.6549111
West Bank and Gaza,PSE,2013,14.71775756
Pacific island small states,PSS,2013,52.5108041
Post-demographic dividend,PST,2013,2298.602763
French Polynesia,PYF,2013,155.3668136
Qatar,QAT,2013,207.9968364
Romania,ROU,2013,175.8934147
Russian Federation,RUS,2013,79.73135175
Rwanda,RWA,2013,4.069724368
South Asia,SAS,2013,5.133745743
Saudi Arabia,SAU,2013,51.77602755
Sudan,SDN,2013,0.28017424
Senegal,SEN,2013,2.176685952
Singapore,SGP,2013,2549.469714
Solomon Islands,SLB,2013,15.75257948
Sierra Leone,SLE,2013,1.019816491
El Salvador,SLV,2013,27.92819104
San Marino,SMR,2013,2119.620311
Somalia,SOM,2013,0.153095913
Serbia,SRB,2013,67.55877753
Sub-Saharan Africa (excluding high income),SSA,2013,12.07803478
South Sudan,SSD,2013,0
Sub-Saharan Africa,SSF,2013,12.11135559
Small states,SST,2013,250.7388993
Sao Tome and Principe,STP,2013,10.41194875
Suriname,SUR,2013,34.71644884
Slovak Republic,SVK,2013,493.7753457
Slovenia,SVN,2013,1215.561714
Sweden,SWE,2013,2690.518781
Eswatini,SWZ,2013,10.12109429
Sint Maarten (Dutch part),SXM,2013,327.8061573
Seychelles,SYC,2013,355.7571513
Syrian Arab Republic,SYR,2013,1.327595805
Turks and Caicos Islands,TCA,2013,806.1961936
Chad,TCD,2013,0.151281078
East Asia & Pacific (IDA & IBRD countries),TEA,2013,9.136806444
Europe & Central Asia (IDA & IBRD countries),TEC,2013,142.4717147
Togo,TGO,2013,0.862723321
Thailand,THA,2013,38.87327607
Tajikistan,TJK,2013,1.861095523
Turkmenistan,TKM,2013,0.372691062
Latin America & the Caribbean (IDA & IBRD countries),TLA,2013,59.09810206
Timor-Leste,TLS,2013,2.601242527
Middle East & North Africa (IDA & IBRD countries),TMN,2013,5.685115698
Tonga,TON,2013,29.47881456
South Asia (IDA & IBRD),TSA,2013,5.133745743
Sub-Saharan Africa (IDA & IBRD countries),TSS,2013,12.11135559
Trinidad and Tobago,TTO,2013,133.7076162
Tunisia,TUN,2013,15.5209313
Turkey,TUR,2013,264.0113146
Tuvalu,TUV,2013,0
Tanzania,TZA,2013,1.65008789
Uganda,UGA,2013,1.848985716
Ukraine,UKR,2013,54.03432873
Upper middle income,UMC,2013,37.06536382
Uruguay,URY,2013,113.8831529
United States,USA,2013,4303.156936
Uzbekistan,UZB,2013,1.355676648
St. Vincent and the Grenadines,VCT,2013,64.44366703
"Venezuela, RB",VEN,2013,14.87397196
British Virgin Islands,VGB,2013,9013.06895
Virgin Islands (U.S.),VIR,2013,675.6506608
Vietnam,VNM,2013,14.17025676
Vanuatu,VUT,2013,136.3804625
World,WLD,2013,370.9408309
Samoa,WSM,2013,73.40719495
Kosovo,XKX,2013,0
"Yemen, Rep.",YEM,2013,0.954384061
South Africa,ZAF,2013,173.1818274
Zambia,ZMB,2013,3.014771577
Zimbabwe,ZWE,2013,4.793879654
Aruba,ABW,2014,568.5431804
Afghanistan,AFG,2014,1.708080425
Angola,AGO,2014,5.938731811
Albania,ALB,2014,52.26533901
Andorra,AND,2014,1098.304571
Arab World,ARB,2014,26.72602609
United Arab Emirates,ARE,2014,367.0431699
Argentina,ARG,2014,89.923716
Armenia,ARM,2014,62.49135164
American Samoa,ASM,2014,430.1769103
Antigua and Barbuda,ATG,2014,777.857004
Australia,AUS,2014,3938.58565
Austria,AUT,2014,2345.327061
Azerbaijan,AZE,2014,22.96782229
Burundi,BDI,2014,0.609489941
Belgium,BEL,2014,1610.037312
Benin,BEN,2014,1.069327205
Burkina Faso,BFA,2014,0.739223668
Bangladesh,BGD,2014,1.307272726
Bulgaria,BGR,2014,635.2490844
Bahrain,BHR,2014,288.9059372
"Bahamas, The",BHS,2014,739.2757795
Bosnia and Herzegovina,BIH,2014,61.74427875
Belarus,BLR,2014,61.11133334
Belize,BLZ,2014,834.8284781
Bermuda,BMU,2014,7768.003807
Bolivia,BOL,2014,18.4934092
Brazil,BRA,2014,112.3376426
Barbados,BRB,2014,477.4861757
Brunei Darussalam,BRN,2014,241.5995353
Bhutan,BTN,2014,18.07925947
Botswana,BWA,2014,19.15145642
Central African Republic,CAF,2014,0.224005555
Canada,CAN,2014,2697.825054
Central Europe and the Baltics,CEB,2014,702.6442976
Switzerland,CHE,2014,4897.999658
Channel Islands,CHI,2014,0
Chile,CHL,2014,165.156077
China,CHN,2014,9.759065288
Cote d'Ivoire,CIV,2014,3.444060922
Cameroon,CMR,2014,1.807612057
"Congo, Dem. Rep.",COD,2014,0.352458992
"Congo, Rep.",COG,2014,3.166578495
Colombia,COL,2014,54.73798803
Comoros,COM,2014,3.950539249
Cabo Verde,CPV,2014,75.25049733
Costa Rica,CRI,2014,305.0842934
Caribbean small states,CSS,2014,200.4618429
Cuba,CUB,2014,0.088441555
Curacao,CUW,2014,1455.977525
Cayman Islands,CYM,2014,4338.679989
Cyprus,CYP,2014,2426.483032
Czech Republic,CZE,2014,1417.625471
Germany,DEU,2014,3352.786096
Djibouti,DJI,2014,8.901786589
Dominica,DMA,2014,225.0826475
Denmark,DNK,2014,4349.802205
Dominican Republic,DOM,2014,34.23452103
Algeria,DZA,2014,2.414981911
East Asia & Pacific (excluding high income),EAP,2014,14.22596506
Early-demographic dividend,EAR,2014,25.79337823
East Asia & Pacific,EAS,2014,163.0198534
Europe & Central Asia (excluding high income),ECA,2014,139.4984064
Europe & Central Asia,ECS,2014,1175.922947
Ecuador,ECU,2014,41.68798605
"Egypt, Arab Rep.",EGY,2014,8.017724901
Euro area,EMU,2014,1853.585079
Eritrea,ERI,2014,0
Spain,ESP,2014,625.8487092
Estonia,EST,2014,2194.675724
Ethiopia,ETH,2014,0.366993977
European Union,EUU,2014,1671.598309
Fragile and conflict affected situations,FCS,2014,2.973306089
Finland,FIN,2014,3008.873733
Fiji,FJI,2014,73.86436425
France,FRA,2014,1188.896814
Faroe Islands,FRO,2014,3628.023353
"Micronesia, Fed. Sts.",FSM,2014,120.9910094
Gabon,GAB,2014,12.20936405
United Kingdom,GBR,2014,3250.498815
Georgia,GEO,2014,83.07760308
Ghana,GHA,2014,5.436285413
Gibraltar,GIB,2014,10170.49666
Guinea,GIN,2014,0.538069444
"Gambia, The",GMB,2014,7.904974304
Guinea-Bissau,GNB,2014,0.590863245
Equatorial Guinea,GNQ,2014,2.673139228
Greece,GRC,2014,277.8080486
Grenada,GRD,2014,183.6513563
Greenland,GRL,2014,2327.027267
Guatemala,GTM,2014,22.60845985
Guam,GUM,2014,316.7387092
Guyana,GUY,2014,14.40959941
High income,HIC,2014,2613.107985
"Hong Kong SAR, China",HKG,2014,1553.634415
Honduras,HND,2014,16.07934442
Heavily indebted poor countries (HIPC),HPC,2014,2.214643488
Croatia,HRV,2014,500.661926
Haiti,HTI,2014,2.369891084
Hungary,HUN,2014,668.1215608
IBRD only,IBD,2014,39.92940208
IDA & IBRD total,IBT,2014,30.90988499
IDA total,IDA,2014,2.959784844
IDA blend,IDB,2014,4.692261386
Indonesia,IDN,2014,11.78227466
IDA only,IDX,2014,2.059288695
Isle of Man,IMN,2014,1066.021464
India,IND,2014,8.444708758
Not classified,INX,2014,0
Ireland,IRL,2014,2807.799491
"Iran, Islamic Rep.",IRN,2014,5.215207809
Iraq,IRQ,2014,1.540162602
Iceland,ISL,2014,6576.334969
Israel,ISR,2014,1008.678506
Italy,ITA,2014,493.0650442
Jamaica,JAM,2014,85.21336034
Jordan,JOR,2014,38.78902459
Japan,JPN,2014,1376.6696
Kazakhstan,KAZ,2014,26.89682638
Kenya,KEN,2014,9.807284504
Kyrgyz Republic,KGZ,2014,14.05192357
Cambodia,KHM,2014,4.64826908
Kiribati,KIR,2014,9.141519869
St. Kitts and Nevis,KNA,2014,1201.402293
"Korea, Rep.",KOR,2014,406.6080488
Kuwait,KWT,2014,259.0124689
Latin America & Caribbean (excluding high income),LAC,2014,68.57721744
Lao PDR,LAO,2014,3.313374769
Lebanon,LBN,2014,72.49605184
Liberia,LBR,2014,0.917535362
Libya,LBY,2014,5.658565016
St. Lucia,LCA,2014,140.2162696
Latin America & Caribbean,LCN,2014,77.05236583
Least developed countries: UN classification,LDC,2014,1.658180915
Low income,LIC,2014,1.40869416
Liechtenstein,LIE,2014,14372.834
Sri Lanka,LKA,2014,15.93031091
Lower middle income,LMC,2014,9.114181445
Low & middle income,LMY,2014,25.70145821
Lesotho,LSO,2014,1.957486333
Late-demographic dividend,LTE,2014,63.22530664
Lithuania,LTU,2014,752.9753268
Luxembourg,LUX,2014,4513.597414
Latvia,LVA,2014,914.8442508
"Macao SAR, China",MAC,2014,503.2124268
St. Martin (French part),MAF,2014,55.53241705
Morocco,MAR,2014,7.136099783
Monaco,MCO,2014,4153.046461
Moldova,MDA,2014,66.64047911
Madagascar,MDG,2014,1.144558259
Maldives,MDV,2014,94.24962358
Middle East & North Africa,MEA,2014,48.51264861
Mexico,MEX,2014,40.96211006
Marshall Islands,MHL,2014,34.97787649
Middle income,MIC,2014,28.3776499
North Macedonia,MKD,2014,97.70066538
Mali,MLI,2014,1.47630065
Malta,MLT,2014,2867.281237
Myanmar,MMR,2014,0.707716696
Middle East & North Africa (excluding high income),MNA,2014,7.653004018
Montenegro,MNE,2014,69.15295669
Mongolia,MNG,2014,59.18149946
Northern Mariana Islands,MNP,2014,433.9571467
Mozambique,MOZ,2014,3.461897425
Mauritania,MRT,2014,0.254394927
Mauritius,MUS,2014,189.5420379
Malawi,MWI,2014,1.903061719
Malaysia,MYS,2014,151.1054554
North America,NAC,2014,4886.52381
Namibia,NAM,2014,42.66680742
New Caledonia,NCL,2014,552.1357956
Niger,NER,2014,0.259873139
Nigeria,NGA,2014,2.993114103
Nicaragua,NIC,2014,16.44219275
Netherlands,NLD,2014,7204.740134
Norway,NOR,2014,3571.378517
Nepal,NPL,2014,3.679350068
Nauru,NRU,2014,0
New Zealand,NZL,2014,3490.919573
OECD members,OED,2014,2411.809353
Oman,OMN,2014,99.57142077
Other small states,OSS,2014,387.3163588
Pakistan,PAK,2014,2.452551261
Panama,PAN,2014,328.863473
Peru,PER,2014,37.55355661
Philippines,PHL,2014,16.10734708
Palau,PLW,2014,113.4687394
Papua New Guinea,PNG,2014,11.07373585
Poland,POL,2014,681.131761
Pre-demographic dividend,PRE,2014,2.500087028
Puerto Rico,PRI,2014,206.5137258
"Korea, Dem. People’s Rep.",PRK,2014,0
Portugal,PRT,2014,535.522238
Paraguay,PRY,2014,33.18420141
West Bank and Gaza,PSE,2014,21.08593525
Pacific island small states,PSS,2014,60.37411974
Post-demographic dividend,PST,2014,2763.197037
French Polynesia,PYF,2014,180.342651
Qatar,QAT,2014,280.9859149
Romania,ROU,2014,246.722848
Russian Federation,RUS,2014,120.3590613
Rwanda,RWA,2014,5.684055817
South Asia,SAS,2014,7.040235924
Saudi Arabia,SAU,2014,70.80248487
Sudan,SDN,2014,0.55908124
Senegal,SEN,2014,3.033567268
Singapore,SGP,2014,2544.004048
Solomon Islands,SLB,2014,13.62678617
Sierra Leone,SLE,2014,0.712540601
El Salvador,SLV,2014,34.31224909
San Marino,SMR,2014,2852.980454
Somalia,SOM,2014,0.29798319
Serbia,SRB,2014,93.12010699
Sub-Saharan Africa (excluding high income),SSA,2014,15.52376969
South Sudan,SSD,2014,0
Sub-Saharan Africa,SSF,2014,15.55997742
Small states,SST,2014,332.0018025
Sao Tome and Principe,STP,2014,10.21831428
Suriname,SUR,2014,66.87476165
Slovak Republic,SVK,2014,657.7285224
Slovenia,SVN,2014,1558.21104
Sweden,SWE,2014,3148.788535
Eswatini,SWZ,2014,19.1777144
Sint Maarten (Dutch part),SXM,2014,530.7151386
Seychelles,SYC,2014,394.0498473
Syrian Arab Republic,SYR,2014,1.282347756
Turks and Caicos Islands,TCA,2014,876.4737482
Chad,TCD,2014,0.146374748
East Asia & Pacific (IDA & IBRD countries),TEA,2014,14.21522842
Europe & Central Asia (IDA & IBRD countries),TEC,2014,188.7938389
Togo,TGO,2014,2.521715826
Thailand,THA,2014,51.94427191
Tajikistan,TJK,2014,1.696387168
Turkmenistan,TKM,2014,0.73175265
Latin America & the Caribbean (IDA & IBRD countries),TLA,2014,75.36184317
Timor-Leste,TLS,2014,5.960840683
Middle East & North Africa (IDA & IBRD countries),TMN,2014,7.494399528
Tonga,TON,2014,39.59298412
South Asia (IDA & IBRD),TSA,2014,7.040235924
Sub-Saharan Africa (IDA & IBRD countries),TSS,2014,15.55997742
Trinidad and Tobago,TTO,2014,173.2310976
Tunisia,TUN,2014,20.33769431
Turkey,TUR,2014,298.6718948
Tuvalu,TUV,2014,0
Tanzania,TZA,2014,2.321865758
Uganda,UGA,2014,2.194399524
Ukraine,UKR,2014,74.70409877
Upper middle income,UMC,2014,49.73580795
Uruguay,URY,2014,157.9210183
United States,USA,2014,5129.543512
Uzbekistan,UZB,2014,2.373389428
St. Vincent and the Grenadines,VCT,2014,91.86026217
"Venezuela, RB",VEN,2014,16.40864707
British Virgin Islands,VGB,2014,15247.16272
Virgin Islands (U.S.),VIR,2014,621.0374106
Vietnam,VNM,2014,20.323919
Vanuatu,VUT,2014,113.6845935
World,WLD,2014,450.3750319
Samoa,WSM,2014,78.03517826
Kosovo,XKX,2014,0
"Yemen, Rep.",YEM,2014,1.394079846
South Africa,ZAF,2014,221.8678179
Zambia,ZMB,2014,4.090974706
Zimbabwe,ZWE,2014,7.948961192
Aruba,ABW,2015,757.1328624
Afghanistan,AFG,2015,2.15031248
Angola,AGO,2015,8.140758082
Albania,ALB,2015,68.38608492
Andorra,AND,2015,2025.355399
Arab World,ARB,2015,36.52527052
United Arab Emirates,ARE,2015,586.6413326
Argentina,ARG,2015,123.2728413
Armenia,ARM,2015,76.56672089
American Samoa,ASM,2015,17.91729377
Antigua and Barbuda,ATG,2015,694.6967916
Australia,AUS,2015,4574.110802
Austria,AUT,2015,3081.907631
Azerbaijan,AZE,2015,33.26652048
Burundi,BDI,2015,0.78739925
Belgium,BEL,2015,2038.460215
Benin,BEN,2015,2.269299256
Burkina Faso,BFA,2015,1.490837643
Bangladesh,BGD,2015,2.009519285
Bulgaria,BGR,2015,679.8559653
Bahrain,BHR,2015,328.0239618
"Bahamas, The",BHS,2015,1002.121826
Bosnia and Herzegovina,BIH,2015,82.23106287
Belarus,BLR,2015,107.5912872
Belize,BLZ,2015,1141.486093
Bermuda,BMU,2015,8093.318414
Bolivia,BOL,2015,26.67959554
Brazil,BRA,2015,158.9608197
Barbados,BRB,2015,574.7851565
Brunei Darussalam,BRN,2015,573.6225226
Bhutan,BTN,2015,19.23404536
Botswana,BWA,2015,35.36541432
Central African Republic,CAF,2015,0.222560019
Canada,CAN,2015,3386.894983
Central Europe and the Baltics,CEB,2015,989.7755763
Switzerland,CHE,2015,6938.08893
Channel Islands,CHI,2015,0
Chile,CHL,2015,223.9924832
China,CHN,2015,19.68247254
Cote d'Ivoire,CIV,2015,5.037427006
Cameroon,CMR,2015,2.231915987
"Congo, Dem. Rep.",COD,2015,0.511512011
"Congo, Rep.",COG,2015,3.706682015
Colombia,COL,2015,71.31633906
Comoros,COM,2015,1.286299368
Cabo Verde,CPV,2015,74.32209672
Costa Rica,CRI,2015,312.9251925
Caribbean small states,CSS,2015,268.0619179
Cuba,CUB,2015,0.088301928
Curacao,CUW,2015,2525.636156
Cayman Islands,CYM,2015,4973.754131
Cyprus,CYP,2015,2377.291696
Czech Republic,CZE,2015,2048.822219
Germany,DEU,2015,4297.925887
Djibouti,DJI,2015,10.94100283
Dominica,DMA,2015,266.9176629
Denmark,DNK,2015,6004.944503
Dominican Republic,DOM,2015,46.39319644
Algeria,DZA,2015,3.826014507
East Asia & Pacific (excluding high income),EAP,2015,24.51223051
Early-demographic dividend,EAR,2015,33.62193881
East Asia & Pacific,EAS,2015,196.6258321
Europe & Central Asia (excluding high income),ECA,2015,241.202303
Europe & Central Asia,ECS,2015,1609.588174
Ecuador,ECU,2015,81.35938643
"Egypt, Arab Rep.",EGY,2015,10.54709148
Euro area,EMU,2015,2493.474325
Eritrea,ERI,2015,0
Spain,ESP,2015,889.5715243
Estonia,EST,2015,3120.707127
Ethiopia,ETH,2015,0.327265831
European Union,EUU,2015,2257.881209
Fragile and conflict affected situations,FCS,2015,3.823073955
Finland,FIN,2015,3395.181084
Fiji,FJI,2015,90.94812848
France,FRA,2015,1897.185975
Faroe Islands,FRO,2015,3683.58619
"Micronesia, Fed. Sts.",FSM,2015,137.7473713
Gabon,GAB,2015,16.42975305
United Kingdom,GBR,2015,4385.413711
Georgia,GEO,2015,118.648927
Ghana,GHA,2015,7.181533548
Gibraltar,GIB,2015,11471.42518
Guinea,GIN,2015,0.787257761
"Gambia, The",GMB,2015,8.15011554
Guinea-Bissau,GNB,2015,1.72691489
Equatorial Guinea,GNQ,2015,3.422992928
Greece,GRC,2015,409.9480606
Grenada,GRD,2015,218.9801002
Greenland,GRL,2015,2797.875753
Guatemala,GTM,2015,28.48804939
Guam,GUM,2015,710.5212755
Guyana,GUY,2015,27.36398795
High income,HIC,2015,3314.789052
"Hong Kong SAR, China",HKG,2015,2331.820114
Honduras,HND,2015,20.3008565
Heavily indebted poor countries (HIPC),HPC,2015,3.059714679
Croatia,HRV,2015,635.6450322
Haiti,HTI,2015,3.83337282
Hungary,HUN,2015,926.5441488
IBRD only,IBD,2015,60.96682073
IDA & IBRD total,IBT,2015,46.87832261
IDA total,IDA,2015,4.07949782
IDA blend,IDB,2015,6.268412137
Indonesia,IDN,2015,17.68303438
IDA only,IDX,2015,2.952874919
Isle of Man,IMN,2015,1585.890381
India,IND,2015,11.68795322
Not classified,INX,2015,0
Ireland,IRL,2015,3194.414581
"Iran, Islamic Rep.",IRN,2015,12.26873264
Iraq,IRQ,2015,2.445725899
Iceland,ISL,2015,7611.50492
Israel,ISR,2015,1304.99636
Italy,ITA,2015,628.0196689
Jamaica,JAM,2015,121.4103945
Jordan,JOR,2015,45.97167778
Japan,JPN,2015,1504.274782
Kazakhstan,KAZ,2015,48.16789287
Kenya,KEN,2015,12.92860303
Kyrgyz Republic,KGZ,2015,22.83066696
Cambodia,KHM,2015,10.17947051
Kiribati,KIR,2015,9.014693951
St. Kitts and Nevis,KNA,2015,742.144015
"Korea, Rep.",KOR,2015,557.7188976
Kuwait,KWT,2015,332.6736349
Latin America & Caribbean (excluding high income),LAC,2015,95.07845922
Lao PDR,LAO,2015,4.153585345
Lebanon,LBN,2015,83.73288872
Liberia,LBR,2015,0.894408382
Libya,LBY,2015,6.232165296
St. Lucia,LCA,2015,139.5665621
Latin America & Caribbean,LCN,2015,106.3202006
Least developed countries: UN classification,LDC,2015,2.379072034
Low income,LIC,2015,1.937976569
Liechtenstein,LIE,2015,15452.36189
Sri Lanka,LKA,2015,20.93466857
Lower middle income,LMC,2015,13.35343668
Low & middle income,LMY,2015,39.88727779
Lesotho,LSO,2015,6.799347845
Late-demographic dividend,LTE,2015,100.6367863
Lithuania,LTU,2015,1185.234654
Luxembourg,LUX,2015,5500.312498
Latvia,LVA,2015,1312.750724
"Macao SAR, China",MAC,2015,752.3854605
St. Martin (French part),MAF,2015,111.5511183
Morocco,MAR,2015,9.462374699
Monaco,MCO,2015,5514.60841
Moldova,MDA,2015,101.5726027
Madagascar,MDG,2015,1.609303391
Maldives,MDV,2015,116.5052812
Middle East & North Africa,MEA,2015,65.48279577
Mexico,MEX,2015,57.8869263
Marshall Islands,MHL,2015,17.40977385
Middle income,MIC,2015,44.20357638
North Macedonia,MKD,2015,114.9409809
Mali,MLI,2015,2.236395234
Malta,MLT,2015,3527.669738
Myanmar,MMR,2015,1.044025096
Middle East & North Africa (excluding high income),MNA,2015,10.88534656
Montenegro,MNE,2015,94.83106408
Mongolia,MNG,2015,75.03904532
Northern Mariana Islands,MNP,2015,466.1168878
Mozambique,MOZ,2015,4.80733638
Mauritania,MRT,2015,3.459950211
Mauritius,MUS,2015,234.4359479
Malawi,MWI,2015,2.269293067
Malaysia,MYS,2015,233.8544774
North America,NAC,2015,6061.496254
Namibia,NAM,2015,63.06957006
New Caledonia,NCL,2015,785.6093979
Niger,NER,2015,0.299975057
Nigeria,NGA,2015,3.549790544
Nicaragua,NIC,2015,21.85356824
Netherlands,NLD,2015,9728.851778
Norway,NOR,2015,4093.96973
Nepal,NPL,2015,5.441415188
Nauru,NRU,2015,0
New Zealand,NZL,2015,3932.806754
OECD members,OED,2015,3053.00421
Oman,OMN,2015,116.4657769
Other small states,OSS,2015,468.9647806
Pakistan,PAK,2015,3.409769604
Panama,PAN,2015,306.6659913
Peru,PER,2015,46.33954666
Philippines,PHL,2015,20.94733833
Palau,PLW,2015,169.8273422
Papua New Guinea,PNG,2015,13.44388565
Poland,POL,2015,955.8417889
Pre-demographic dividend,PRE,2015,3.306013
Puerto Rico,PRI,2015,318.4414451
"Korea, Dem. People’s Rep.",PRK,2015,0
Portugal,PRT,2015,901.3256902
Paraguay,PRY,2015,40.51581567
West Bank and Gaza,PSE,2015,32.55199185
Pacific island small states,PSS,2015,78.0413173
Post-demographic dividend,PST,2015,3506.501631
French Polynesia,PYF,2015,212.3577569
Qatar,QAT,2015,359.7444762
Romania,ROU,2015,361.232715
Russian Federation,RUS,2015,321.4018459
Rwanda,RWA,2015,7.388466481
South Asia,SAS,2015,9.736957705
Saudi Arabia,SAU,2015,89.41389037
Sudan,SDN,2015,0.720767617
Senegal,SEN,2015,6.31068071
Singapore,SGP,2015,3585.18389
Solomon Islands,SLB,2015,21.55465431
Sierra Leone,SLE,2015,0.976029551
El Salvador,SLV,2015,45.21650485
San Marino,SMR,2015,3366.193797
Somalia,SOM,2015,0.50734928
Serbia,SRB,2015,141.0776557
Sub-Saharan Africa (excluding high income),SSA,2015,18.9844937
South Sudan,SSD,2015,0
Sub-Saharan Africa,SSF,2015,19.07745311
Small states,SST,2015,407.6027073
Sao Tome and Principe,STP,2015,15.04272133
Suriname,SUR,2015,107.3070753
Slovak Republic,SVK,2015,1068.438905
Slovenia,SVN,2015,2188.966388
Sweden,SWE,2015,4207.900534
Eswatini,SWZ,2015,26.26706907
Sint Maarten (Dutch part),SXM,2015,618.1584031
Seychelles,SYC,2015,1006.219292
Syrian Arab Republic,SYR,2015,2.444796495
Turks and Caicos Islands,TCA,2015,833.7733804
Chad,TCD,2015,0.354334126
East Asia & Pacific (IDA & IBRD countries),TEA,2015,24.5136886
Europe & Central Asia (IDA & IBRD countries),TEC,2015,305.0378381
Togo,TGO,2015,3.00416842
Thailand,THA,2015,69.38854589
Tajikistan,TJK,2015,5.086332811
Turkmenistan,TKM,2015,2.15622303
Latin America & the Caribbean (IDA & IBRD countries),TLA,2015,103.1028583
Timor-Leste,TLS,2015,9.1950026
Middle East & North Africa (IDA & IBRD countries),TMN,2015,10.62814009
Tonga,TON,2015,109.1475576
South Asia (IDA & IBRD),TSA,2015,9.736957705
Sub-Saharan Africa (IDA & IBRD countries),TSS,2015,19.07745311
Trinidad and Tobago,TTO,2015,269.2785961
Tunisia,TUN,2015,19.14141111
Turkey,TUR,2015,363.5325971
Tuvalu,TUV,2015,0
Tanzania,TZA,2015,3.282660388
Uganda,UGA,2015,2.982306057
Ukraine,UKR,2015,141.8035144
Upper middle income,UMC,2015,78.64419247
Uruguay,URY,2015,186.1073637
United States,USA,2015,6358.801531
Uzbekistan,UZB,2015,5.65515082
St. Vincent and the Grenadines,VCT,2015,119.1043354
"Venezuela, RB",VEN,2015,21.44151541
British Virgin Islands,VGB,2015,38110.59276
Virgin Islands (U.S.),VIR,2015,529.1987745
Vietnam,VNM,2015,32.72653962
Vanuatu,VUT,2015,125.4010991
World,WLD,2015,573.5289173
Samoa,WSM,2015,129.190287
Kosovo,XKX,2015,0
"Yemen, Rep.",YEM,2015,1.396337648
South Africa,ZAF,2015,272.7566515
Zambia,ZMB,2015,5.667734363
Zimbabwe,ZWE,2015,11.72669928
Aruba,ABW,2016,1172.858342
Afghanistan,AFG,2016,12.03963652
Angola,AGO,2016,8.321058616
Albania,ALB,2016,144.6402612
Andorra,AND,2016,2833.22768
Arab World,ARB,2016,55.75980153
United Arab Emirates,ARE,2016,938.6837703
Argentina,ARG,2016,735.0247651
Armenia,ARM,2016,189.7044629
American Samoa,ASM,2016,179.4011589
Antigua and Barbuda,ATG,2016,804.0030891
Australia,AUS,2016,9810.215053
Austria,AUT,2016,4449.980244
Azerbaijan,AZE,2016,101.8670989
Burundi,BDI,2016,1.525553304
Belgium,BEL,2016,3047.27862
Benin,BEN,2016,2.483428404
Burkina Faso,BFA,2016,1.823410423
Bangladesh,BGD,2016,23.61828297
Bulgaria,BGR,2016,4043.451141
Bahrain,BHR,2016,346.474343
"Bahamas, The",BHS,2016,1053.102286
Bosnia and Herzegovina,BIH,2016,188.4080611
Belarus,BLR,2016,438.9817476
Belize,BLZ,2016,1517.372421
Bermuda,BMU,2016,8132.600108
Bolivia,BOL,2016,37.89041747
Brazil,BRA,2016,410.044364
Barbados,BRB,2016,643.8158687
Brunei Darussalam,BRN,2016,612.1962839
Bhutan,BTN,2016,36.64947761
Botswana,BWA,2016,50.92724626
Central African Republic,CAF,2016,0.220376593
Canada,CAN,2016,10221.44125
Central Europe and the Baltics,CEB,2016,4145.887896
Switzerland,CHE,2016,17196.72608
Channel Islands,CHI,2016,0
Chile,CHL,2016,1237.18578
China,CHN,2016,47.91156662
Cote d'Ivoire,CIV,2016,6.044651336
Cameroon,CMR,2016,2.800237845
"Congo, Dem. Rep.",COD,2016,0.634605331
"Congo, Rep.",COG,2016,4.617547604
Colombia,COL,2016,320.0032085
Comoros,COM,2016,59.07550604
Cabo Verde,CPV,2016,112.9632907
Costa Rica,CRI,2016,489.8613998
Caribbean small states,CSS,2016,357.5267567
Cuba,CUB,2016,2.8230871
Curacao,CUW,2016,2912.365969
Cayman Islands,CYM,2016,5226.230242
Cyprus,CYP,2016,4550.55474
Czech Republic,CZE,2016,11991.38925
Germany,DEU,2016,11624.9602
Djibouti,DJI,2016,11.83926157
Dominica,DMA,2016,5357.117815
Denmark,DNK,2016,24041.33373
Dominican Republic,DOM,2016,93.28947638
Algeria,DZA,2016,7.619958115
East Asia & Pacific (excluding high income),EAP,2016,106.5478547
Early-demographic dividend,EAR,2016,126.8195751
East Asia & Pacific,EAS,2016,412.3588587
Europe & Central Asia (excluding high income),ECA,2016,1157.069054
Europe & Central Asia,ECS,2016,4421.049378
Ecuador,ECU,2016,120.5497627
"Egypt, Arab Rep.",EGY,2016,14.69606173
Euro area,EMU,2016,6792.82454
Eritrea,ERI,2016,0
Spain,ESP,2016,2762.589077
Estonia,EST,2016,10786.67569
Ethiopia,ETH,2016,0.405391706
European Union,EUU,2016,6461.069344
Fragile and conflict affected situations,FCS,2016,9.96199964
Finland,FIN,2016,7131.362911
Fiji,FJI,2016,113.4801851
France,FRA,2016,6674.44733
Faroe Islands,FRO,2016,3695.01588
"Micronesia, Fed. Sts.",FSM,2016,154.2439777
Gabon,GAB,2016,22.41177604
United Kingdom,GBR,2016,8698.545397
Georgia,GEO,2016,406.7063626
Ghana,GHA,2016,96.93860104
Gibraltar,GIB,2016,13931.29205
Guinea,GIN,2016,0.937092072
"Gambia, The",GMB,2016,8.840749714
Guinea-Bissau,GNB,2016,1.683088939
Equatorial Guinea,GNQ,2016,5.760468211
Greece,GRC,2016,1411.844928
Grenada,GRD,2016,281.151087
Greenland,GRL,2016,2954.472644
Guatemala,GTM,2016,36.18150088
Guam,GUM,2016,650.5022982
Guyana,GUY,2016,31.11363477
High income,HIC,2016,7016.871383
"Hong Kong SAR, China",HKG,2016,3873.320067
Honduras,HND,2016,30.31023769
Heavily indebted poor countries (HIPC),HPC,2016,8.208482179
Croatia,HRV,2016,1724.580288
Haiti,HTI,2016,4.520307713
Hungary,HUN,2016,4125.932862
IBRD only,IBD,2016,233.7460149
IDA & IBRD total,IBT,2016,180.8322269
IDA total,IDA,2016,22.16048175
IDA blend,IDB,2016,42.64403607
Indonesia,IDN,2016,306.2233068
IDA only,IDX,2016,11.61151114
Isle of Man,IMN,2016,3397.889226
India,IND,2016,38.29568349
Not classified,INX,2016,0
Ireland,IRL,2016,11743.44184
"Iran, Islamic Rep.",IRN,2016,64.12446551
Iraq,IRQ,2016,4.151799401
Iceland,ISL,2016,35663.71233
Israel,ISR,2016,2119.588111
Italy,ITA,2016,1305.100864
Jamaica,JAM,2016,121.8069546
Jordan,JOR,2016,70.04159675
Japan,JPN,2016,2109.539994
Kazakhstan,KAZ,2016,264.1893599
Kenya,KEN,2016,19.20423286
Kyrgyz Republic,KGZ,2016,42.27321326
Cambodia,KHM,2016,20.48674346
Kiribati,KIR,2016,26.66097899
St. Kitts and Nevis,KNA,2016,891.0411622
"Korea, Rep.",KOR,2016,720.6067037
Kuwait,KWT,2016,398.0415849
Latin America & Caribbean (excluding high income),LAC,2016,272.181443
Lao PDR,LAO,2016,8.326217096
Lebanon,LBN,2016,88.21179055
Liberia,LBR,2016,2.180174885
Libya,LBY,2016,142.6334886
St. Lucia,LCA,2016,183.3088921
Latin America & Caribbean,LCN,2016,305.9372891
Least developed countries: UN classification,LDC,2016,8.566941919
Low income,LIC,2016,3.661092716
Liechtenstein,LIE,2016,17552.71124
Sri Lanka,LKA,2016,71.0748479
Lower middle income,LMC,2016,96.30429077
Low & middle income,LMY,2016,160.6944903
Lesotho,LSO,2016,8.674694615
Late-demographic dividend,LTE,2016,326.0358807
Lithuania,LTU,2016,4377.611148
Luxembourg,LUX,2016,11473.9508
Latvia,LVA,2016,2938.449236
"Macao SAR, China",MAC,2016,1111.227147
St. Martin (French part),MAF,2016,332.7325662
Morocco,MAR,2016,24.45461372
Monaco,MCO,2016,7171.000788
Moldova,MDA,2016,521.4031488
Madagascar,MDG,2016,3.052897883
Maldives,MDV,2016,212.4021846
Middle East & North Africa,MEA,2016,108.6145246
Mexico,MEX,2016,119.6594181
Marshall Islands,MHL,2016,51.96154845
Middle income,MIC,2016,179.5397379
North Macedonia,MKD,2016,466.6597781
Mali,MLI,2016,3.172760305
Malta,MLT,2016,3234.831648
Myanmar,MMR,2016,20.49194776
Middle East & North Africa (excluding high income),MNA,2016,31.52779404
Montenegro,MNE,2016,139.8032791
Mongolia,MNG,2016,437.4486112
Northern Mariana Islands,MNP,2016,409.3400726
Mozambique,MOZ,2016,5.677338458
Mauritania,MRT,2016,3.362528083
Mauritius,MUS,2016,321.3365066
Malawi,MWI,2016,5.230949623
Malaysia,MYS,2016,945.6472331
North America,NAC,2016,11312.5267
Namibia,NAM,2016,78.45495477
New Caledonia,NCL,2016,1280.057856
Niger,NER,2016,0.240513683
Nigeria,NGA,2016,47.39721608
Nicaragua,NIC,2016,34.5813609
Netherlands,NLD,2016,24130.79407
Norway,NOR,2016,7003.508823
Nepal,NPL,2016,18.63459003
Nauru,NRU,2016,76.63422484
New Zealand,NZL,2016,6430.154266
OECD members,OED,2016,6460.779616
Oman,OMN,2016,127.9240868
Other small states,OSS,2016,1317.610244
Pakistan,PAK,2016,31.66569761
Panama,PAN,2016,510.2700518
Peru,PER,2016,72.52789495
Philippines,PHL,2016,40.5348333
Palau,PLW,2016,169.2524683
Papua New Guinea,PNG,2016,14.8698705
Poland,POL,2016,2492.488363
Pre-demographic dividend,PRE,2016,14.14583888
Puerto Rico,PRI,2016,419.78632
"Korea, Dem. People’s Rep.",PRK,2016,0
Portugal,PRT,2016,3180.296611
Paraguay,PRY,2016,61.67127382
West Bank and Gaza,PSE,2016,108.0811745
Pacific island small states,PSS,2016,100.1227555
Post-demographic dividend,PST,2016,7469.549207
French Polynesia,PYF,2016,262.2234362
Qatar,QAT,2016,362.7974053
Romania,ROU,2016,3421.473154
Russian Federation,RUS,2016,1163.947701
Rwanda,RWA,2016,12.76907395
South Asia,SAS,2016,35.83569085
Saudi Arabia,SAU,2016,106.0951641
Sudan,SDN,2016,1.262871576
Senegal,SEN,2016,7.069717014
Singapore,SGP,2016,19060.74653
Solomon Islands,SLB,2016,37.13049107
Sierra Leone,SLE,2016,1.500920064
El Salvador,SLV,2016,52.07560623
San Marino,SMR,2016,4656.160458
Somalia,SOM,2016,0.775433533
Serbia,SRB,2016,551.6891975
Sub-Saharan Africa (excluding high income),SSA,2016,65.98593992
South Sudan,SSD,2016,0.092314691
Sub-Saharan Africa,SSF,2016,68.85475482
Small states,SST,2016,1065.67226
Sao Tome and Principe,STP,2016,14.76181807
Suriname,SUR,2016,139.8507315
Slovak Republic,SVK,2016,3240.776033
Slovenia,SVN,2016,5630.87821
Sweden,SWE,2016,6205.932933
Eswatini,SWZ,2016,26.03268988
Sint Maarten (Dutch part),SXM,2016,700.5429208
Seychelles,SYC,2016,30947.32617
Syrian Arab Republic,SYR,2016,6.302304472
Turks and Caicos Islands,TCA,2016,902.6505101
Chad,TCD,2016,0.343367304
East Asia & Pacific (IDA & IBRD countries),TEA,2016,107.8761858
Europe & Central Asia (IDA & IBRD countries),TEC,2016,1274.054312
Togo,TGO,2016,3.462072727
Thailand,THA,2016,146.4811517
Tajikistan,TJK,2016,5.886712639
Turkmenistan,TKM,2016,1.94264877
Latin America & the Caribbean (IDA & IBRD countries),TLA,2016,307.7855439
Timor-Leste,TLS,2016,11.48211087
Middle East & North Africa (IDA & IBRD countries),TMN,2016,30.61413789
Tonga,TON,2016,138.4315703
South Asia (IDA & IBRD),TSA,2016,35.83569085
Sub-Saharan Africa (IDA & IBRD countries),TSS,2016,68.85475482
Trinidad and Tobago,TTO,2016,299.0786635
Tunisia,TUN,2016,92.44559378
Turkey,TUR,2016,1301.086907
Tuvalu,TUV,2016,0
Tanzania,TZA,2016,5.654958201
Uganda,UGA,2016,3.934673722
Ukraine,UKR,2016,1905.46998
Upper middle income,UMC,2016,273.0795934
Uruguay,URY,2016,309.8595498
United States,USA,2016,11435.11206
Uzbekistan,UZB,2016,69.73772211
St. Vincent and the Grenadines,VCT,2016,191.8526572
"Venezuela, RB",VEN,2016,148.1261638
British Virgin Islands,VGB,2016,21597.68353
Virgin Islands (U.S.),VIR,2016,837.1314296
Vietnam,VNM,2016,278.7094792
Vanuatu,VUT,2016,165.2714404
World,WLD,2016,1267.722365
Samoa,WSM,2016,149.0734315
Kosovo,XKX,2016,0
"Yemen, Rep.",YEM,2016,1.435501272
South Africa,ZAF,2016,917.6449631
Zambia,ZMB,2016,8.861181164
Zimbabwe,ZWE,2016,13.82712811
Aruba,ABW,2017,977.5449386
Afghanistan,AFG,2017,43.44783505
Angola,AGO,2017,10.79929978
Albania,ALB,2017,443.0203758
Andorra,AND,2017,3415.540058
Arab World,ARB,2017,127.0662718
United Arab Emirates,ARE,2017,1285.099518
Argentina,ARG,2017,1628.591391
Armenia,ARM,2017,271.3248975
American Samoa,ASM,2017,988.8529306
Antigua and Barbuda,ATG,2017,890.7425649
Australia,AUS,2017,21544.79377
Austria,AUT,2017,7431.714636
Azerbaijan,AZE,2017,259.4876636
Burundi,BDI,2017,4.618074182
Belgium,BEL,2017,8300.544045
Benin,BEN,2017,4.205739779
Burkina Faso,BFA,2017,1.927757647
Bangladesh,BGD,2017,65.2155153
Bulgaria,BGR,2017,32308.32566
Bahrain,BHR,2017,359.4199484
"Bahamas, The",BHS,2017,1508.797389
Bosnia and Herzegovina,BIH,2017,1499.018209
Belarus,BLR,2017,2259.886649
Belize,BLZ,2017,8002.256706
Bermuda,BMU,2017,7874.878667
Bolivia,BOL,2017,109.5341724
Brazil,BRA,2017,1581.638554
Barbados,BRB,2017,768.6045984
Brunei Darussalam,BRN,2017,1620.833363
Bhutan,BTN,2017,118.0308168
Botswana,BWA,2017,68.47675056
Central African Republic,CAF,2017,0.435158358
Canada,CAN,2017,26568.88012
Central Europe and the Baltics,CEB,2017,13204.82901
Switzerland,CHE,2017,32951.99625
Channel Islands,CHI,2017,0
Chile,CHL,2017,7258.192401
China,CHN,2017,209.120056
Cote d'Ivoire,CIV,2017,8.675202821
Cameroon,CMR,2017,8.548384569
"Congo, Dem. Rep.",COD,2017,2.555321356
"Congo, Rep.",COG,2017,4.69602806
Colombia,COL,2017,462.9755924
Comoros,COM,2017,4.914656982
Cabo Verde,CPV,2017,260.46657
Costa Rica,CRI,2017,1161.424934
Caribbean small states,CSS,2017,761.4501182
Cuba,CUB,2017,8.466161678
Curacao,CUW,2017,3165.287966
Cayman Islands,CYM,2017,6058.502414
Cyprus,CYP,2017,17364.03092
Czech Republic,CZE,2017,25419.94205
Germany,DEU,2017,34181.27844
Djibouti,DJI,2017,22.2434771
Dominica,DMA,2017,6969.128719
Denmark,DNK,2017,43757.82743
Dominican Republic,DOM,2017,98.1629545
Algeria,DZA,2017,63.32570155
East Asia & Pacific (excluding high income),EAP,2017,466.8929555
Early-demographic dividend,EAR,2017,501.3540612
East Asia & Pacific,EAS,2017,1237.779619
Europe & Central Asia (excluding high income),ECA,2017,3746.750555
Europe & Central Asia,ECS,2017,12173.06749
Ecuador,ECU,2017,209.9448442
"Egypt, Arab Rep.",EGY,2017,36.18733063
Euro area,EMU,2017,19626.32017
Eritrea,ERI,2017,0
Spain,ESP,2017,7247.039034
Estonia,EST,2017,29131.21763
Ethiopia,ETH,2017,0.714285553
European Union,EUU,2017,18525.4646
Fragile and conflict affected situations,FCS,2017,29.22331136
Finland,FIN,2017,22324.1145
Fiji,FJI,2017,149.2947249
France,FRA,2017,14831.19516
Faroe Islands,FRO,2017,3931.224266
"Micronesia, Fed. Sts.",FSM,2017,161.4943612
Gabon,GAB,2017,28.08957475
United Kingdom,GBR,2017,21195.88532
Georgia,GEO,2017,2360.244249
Ghana,GHA,2017,94.22600939
Gibraltar,GIB,2017,18382.35294
Guinea,GIN,2017,1.574471812
"Gambia, The",GMB,2017,47.87943777
Guinea-Bissau,GNB,2017,2.735011317
Equatorial Guinea,GNQ,2017,0
Greece,GRC,2017,3695.693753
Grenada,GRD,2017,234.5004239
Greenland,GRL,2017,2527.994873
Guatemala,GTM,2017,68.28284777
Guam,GUM,2017,730.4557435
Guyana,GUY,2017,32.24886839
High income,HIC,2017,18739.3828
"Hong Kong SAR, China",HKG,2017,10484.86816
Honduras,HND,2017,79.54172934
Heavily indebted poor countries (HIPC),HPC,2017,16.58670963
Croatia,HRV,2017,14607.96391
Haiti,HTI,2017,4.552753022
Hungary,HUN,2017,13627.14174
IBRD only,IBD,2017,887.2596402
IDA & IBRD total,IBT,2017,682.2144342
IDA total,IDA,2017,75.39947732
IDA blend,IDB,2017,168.2661314
Indonesia,IDN,2017,1280.673602
IDA only,IDX,2017,27.56175012
Isle of Man,IMN,2017,4545.563291
India,IND,2017,123.1015668
Not classified,INX,2017,0
Ireland,IRL,2017,38597.46707
"Iran, Islamic Rep.",IRN,2017,225.6986273
Iraq,IRQ,2017,10.41201183
Iceland,ISL,2017,57638.32266
Israel,ISR,2017,6967.624207
Italy,ITA,2017,7744.061541
Jamaica,JAM,2017,137.2886619
Jordan,JOR,2017,108.0868495
Japan,JPN,2017,5980.236099
Kazakhstan,KAZ,2017,1232.247257
Kenya,KEN,2017,36.5779793
Kyrgyz Republic,KGZ,2017,103.0944468
Cambodia,KHM,2017,55.15504815
Kiribati,KIR,2017,26.27936719
St. Kitts and Nevis,KNA,2017,3112.690941
"Korea, Rep.",KOR,2017,1196.513417
Kuwait,KWT,2017,484.2093273
Latin America & Caribbean (excluding high income),LAC,2017,798.8275534
Lao PDR,LAO,2017,16.39571784
Lebanon,LBN,2017,119.3504342
Liberia,LBR,2017,1.913986306
Libya,LBY,2017,938.1946424
St. Lucia,LCA,2017,193.4182532
Latin America & Caribbean,LCN,2017,1011.472774
Least developed countries: UN classification,LDC,2017,23.95918999
Low income,LIC,2017,15.32081676
Liechtenstein,LIE,2017,23915.34392
Sri Lanka,LKA,2017,305.2135796
Lower middle income,LMC,2017,317.6534263
Low & middle income,LMY,2017,611.0211928
Lesotho,LSO,2017,20.08212633
Late-demographic dividend,LTE,2017,1133.135831
Lithuania,LTU,2017,13058.25231
Luxembourg,LUX,2017,43014.34091
Latvia,LVA,2017,11948.01076
"Macao SAR, China",MAC,2017,1779.676671
St. Martin (French part),MAF,2017,246.1706783
Morocco,MAR,2017,284.2785875
Monaco,MCO,2017,9715.565743
Moldova,MDA,2017,2837.544052
Madagascar,MDG,2017,4.927545527
Maldives,MDV,2017,421.0297299
Middle East & North Africa,MEA,2017,311.3413494
Mexico,MEX,2017,185.4824199
Marshall Islands,MHL,2017,103.3449309
Middle income,MIC,2017,683.561935
North Macedonia,MKD,2017,498.0797273
Mali,MLI,2017,7.670536831
Malta,MLT,2017,14102.59424
Myanmar,MMR,2017,9.909599538
Middle East & North Africa (excluding high income),MNA,2017,127.7424367
Montenegro,MNE,2017,223.3387374
Mongolia,MNG,2017,1527.083329
Northern Mariana Islands,MNP,2017,247.5160001
Mozambique,MOZ,2017,7.748959676
Mauritania,MRT,2017,4.203079737
Mauritius,MUS,2017,379.5627595
Malawi,MWI,2017,10.41297638
Malaysia,MYS,2017,4917.725842
North America,NAC,2017,29951.25134
Namibia,NAM,2017,119.4537758
New Caledonia,NCL,2017,2857.142857
Niger,NER,2017,0.462909985
Nigeria,NGA,2017,222.8127116
Nicaragua,NIC,2017,122.3207105
Netherlands,NLD,2017,70412.12761
Norway,NOR,2017,14572.57273
Nepal,NPL,2017,158.2502761
Nauru,NRU,2017,77.66387077
New Zealand,NZL,2017,14980.49605
OECD members,OED,2017,17149.78338
Oman,OMN,2017,141.8793875
Other small states,OSS,2017,3478.745423
Pakistan,PAK,2017,115.0715794
Panama,PAN,2017,2151.325214
Peru,PER,2017,218.5769966
Philippines,PHL,2017,87.84551937
Palau,PLW,2017,224.6181491
Papua New Guinea,PNG,2017,31.04990514
Poland,POL,2017,6534.934485
Pre-demographic dividend,PRE,2017,58.07594599
Puerto Rico,PRI,2017,283.0074337
"Korea, Dem. People’s Rep.",PRK,2017,0.039323657
Portugal,PRT,2017,12464.78258
Paraguay,PRY,2017,186.8339036
West Bank and Gaza,PSE,2017,547.7231888
Pacific island small states,PSS,2017,137.7184206
Post-demographic dividend,PST,2017,19976.41149
French Polynesia,PYF,2017,597.6030684
Qatar,QAT,2017,401.1415468
Romania,ROU,2017,12255.16836
Russian Federation,RUS,2017,3541.09719
Rwanda,RWA,2017,18.27903777
South Asia,SAS,2017,118.2026947
Saudi Arabia,SAU,2017,166.8018816
Sudan,SDN,2017,1.873547408
Senegal,SEN,2017,8.820068717
Singapore,SGP,2017,58690.33345
Solomon Islands,SLB,2017,61.31709112
Sierra Leone,SLE,2017,1.869550511
El Salvador,SLV,2017,61.52042807
San Marino,SMR,2017,18858.95875
Somalia,SOM,2017,25.9097208
Serbia,SRB,2017,5802.567151
Sub-Saharan Africa (excluding high income),SSA,2017,565.6249262
South Sudan,SSD,2017,0.183305304
Sub-Saharan Africa,SSF,2017,579.7829576
Small states,SST,2017,2778.266394
Sao Tome and Principe,STP,2017,38.63073365
Suriname,SUR,2017,201.5789769
Slovak Republic,SVK,2017,6963.666929
Slovenia,SVN,2017,19594.09366
Sweden,SWE,2017,13619.1204
Eswatini,SWZ,2017,40.89786824
Sint Maarten (Dutch part),SXM,2017,739.389757
Seychelles,SYC,2017,155191.3024
Syrian Arab Republic,SYR,2017,13.29974065
Turks and Caicos Islands,TCA,2017,754.4119628
Chad,TCD,2017,0.599329829
East Asia & Pacific (IDA & IBRD countries),TEA,2017,472.688653
Europe & Central Asia (IDA & IBRD countries),TEC,2017,4077.200016
Togo,TGO,2017,4.54635496
Thailand,THA,2017,578.2846715
Tajikistan,TJK,2017,20.0444401
Turkmenistan,TKM,2017,4.515716343
Latin America & the Caribbean (IDA & IBRD countries),TLA,2017,1015.624499
Timor-Leste,TLS,2017,12.06504507
Middle East & North Africa (IDA & IBRD countries),TMN,2017,122.7142915
Tonga,TON,2017,205.8863899
South Asia (IDA & IBRD),TSA,2017,118.2026947
Sub-Saharan Africa (IDA & IBRD countries),TSS,2017,579.7829576
Trinidad and Tobago,TTO,2017,290.4473178
Tunisia,TUN,2017,214.2836589
Turkey,TUR,2017,3351.870016
Tuvalu,TUV,2017,0
Tanzania,TZA,2017,22.70236598
Uganda,UGA,2017,20.40694113
Ukraine,UKR,2017,3948.260511
Upper middle income,UMC,2017,1097.442733
Uruguay,URY,2017,1103.692379
United States,USA,2017,30335.70148
Uzbekistan,UZB,2017,202.1698993
St. Vincent and the Grenadines,VCT,2017,163.8941244
"Venezuela, RB",VEN,2017,293.4971065
British Virgin Islands,VGB,2017,355546.5395
Virgin Islands (U.S.),VIR,2017,1053.436253
Vietnam,VNM,2017,1348.715951
Vanuatu,VUT,2017,178.6277188
World,WLD,2017,3519.699187
Samoa,WSM,2017,296.899955
Kosovo,XKX,2017,0
"Yemen, Rep.",YEM,2017,3.377065008
South Africa,ZAF,2017,9430.697312
Zambia,ZMB,2017,42.3646148
Zimbabwe,ZWE,2017,30.55473706
Aruba,ABW,2018,1152.628844
Afghanistan,AFG,2018,52.8618206
Angola,AGO,2018,11.1977496
Albania,ALB,2018,526.0998557
Andorra,AND,2018,5194.400436
Arab World,ARB,2018,136.7295293
United Arab Emirates,ARE,2018,1483.964369
Argentina,ARG,2018,1872.59091
Armenia,ARM,2018,335.0525243
American Samoa,ASM,2018,450.7346976
Antigua and Barbuda,ATG,2018,841.2437945
Australia,AUS,2018,32890.8396
Austria,AUT,2018,16692.7074
Azerbaijan,AZE,2018,329.2989352
Burundi,BDI,2018,5.995322932
Belgium,BEL,2018,13979.34244
Benin,BEN,2018,7.313857112
Burkina Faso,BFA,2018,2.531448822
Bangladesh,BGD,2018,115.9671501
Bulgaria,BGR,2018,38228.32327
Bahrain,BHR,2018,370.8331448
"Bahamas, The",BHS,2018,2357.120631
Bosnia and Herzegovina,BIH,2018,1934.758534
Belarus,BLR,2018,3419.997879
Belize,BLZ,2018,11595.76162
Bermuda,BMU,2018,8144.697349
Bolivia,BOL,2018,130.1842257
Brazil,BRA,2018,2036.384009
Barbados,BRB,2018,868.6824285
Brunei Darussalam,BRN,2018,1988.521128
Bhutan,BTN,2018,177.6260151
Botswana,BWA,2018,133.5329081
Central African Republic,CAF,2018,0.642897048
Canada,CAN,2018,30952.30463
Central Europe and the Baltics,CEB,2018,21424.92265
Switzerland,CHE,2018,68137.03635
Channel Islands,CHI,2018,0
Chile,CHL,2018,8073.293196
China,CHN,2018,446.7068276
Cote d'Ivoire,CIV,2018,11.64774553
Cameroon,CMR,2018,5.433007312
"Congo, Dem. Rep.",COD,2018,2.819143354
"Congo, Rep.",COG,2018,6.101789674
Colombia,COL,2018,651.3364855
Comoros,COM,2018,7.208748537
Cabo Verde,CPV,2018,498.3752232
Costa Rica,CRI,2018,1205.934824
Caribbean small states,CSS,2018,1023.105831
Cuba,CUB,2018,16.05201842
Curacao,CUW,2018,3784.821926
Cayman Islands,CYM,2018,11531.14969
Cyprus,CYP,2018,6372.002876
Czech Republic,CZE,2018,42361.46436
Germany,DEU,2018,56391.56134
Djibouti,DJI,2018,37.54223501
Dominica,DMA,2018,6631.762653
Denmark,DNK,2018,123073.5051
Dominican Republic,DOM,2018,121.6693257
Algeria,DZA,2018,67.60848243
East Asia & Pacific (excluding high income),EAP,2018,680.4448477
Early-demographic dividend,EAR,2018,623.2386487
East Asia & Pacific,EAS,2018,2000.494164
Europe & Central Asia (excluding high income),ECA,2018,5056.187294
Europe & Central Asia,ECS,2018,18856.9424
Ecuador,ECU,2018,265.6231077
"Egypt, Arab Rep.",EGY,2018,35.11353147
Euro area,EMU,2018,30494.55001
Eritrea,ERI,2018,0
Spain,ESP,2018,11320.66693
Estonia,EST,2018,48933.89578
Ethiopia,ETH,2018,1.464872017
European Union,EUU,2018,29630.89783
Fragile and conflict affected situations,FCS,2018,33.13625815
Finland,FIN,2018,33983.56303
Fiji,FJI,2018,173.1782049
France,FRA,2018,20414.94646
Faroe Islands,FRO,2018,4639.462235
"Micronesia, Fed. Sts.",FSM,2018,186.4346591
Gabon,GAB,2018,26.42413089
United Kingdom,GBR,2018,27250.07513
Georgia,GEO,2018,2179.576521
Ghana,GHA,2018,21.80258828
Gibraltar,GIB,2018,16460.05101
Guinea,GIN,2018,3.302638131
"Gambia, The",GMB,2018,24.56030476
Guinea-Bissau,GNB,2018,2.134119828
Equatorial Guinea,GNQ,2018,9.931442489
Greece,GRC,2018,5037.814369
Grenada,GRD,2018,323.0032121
Greenland,GRL,2018,3070.05801
Guatemala,GTM,2018,74.56020351
Guam,GUM,2018,856.618889
Guyana,GUY,2018,47.49654687
High income,HIC,2018,34193.08481
"Hong Kong SAR, China",HKG,2018,19403.56999
Honduras,HND,2018,74.78470454
Heavily indebted poor countries (HIPC),HPC,2018,15.22336561
Croatia,HRV,2018,19547.36636
Haiti,HTI,2018,5.304240444
Hungary,HUN,2018,19257.25666
IBRD only,IBD,2018,1259.40511
IDA & IBRD total,IBT,2018,960.4540514
IDA total,IDA,2018,83.73294218
IDA blend,IDB,2018,176.0716289
Indonesia,IDN,2018,1282.999301
IDA only,IDX,2018,35.83129137
Isle of Man,IMN,2018,8254.338285
India,IND,2018,187.8077374
Not classified,INX,2018,0
Ireland,IRL,2018,69791.61044
"Iran, Islamic Rep.",IRN,2018,494.5949505
Iraq,IRQ,2018,11.31822156
Iceland,ISL,2018,64605.99478
Israel,ISR,2018,9610.86472
Italy,ITA,2018,12256.03633
Jamaica,JAM,2018,153.6702835
Jordan,JOR,2018,102.9528794
Japan,JPN,2018,11670.80142
Kazakhstan,KAZ,2018,1374.16909
Kenya,KEN,2018,217.2279849
Kyrgyz Republic,KGZ,2018,170.2080497
Cambodia,KHM,2018,81.10870055
Kiribati,KIR,2018,43.16037532
St. Kitts and Nevis,KNA,2018,4462.157472
"Korea, Rep.",KOR,2018,2063.977372
Kuwait,KWT,2018,412.1036161
Latin America & Caribbean (excluding high income),LAC,2018,1003.093634
Lao PDR,LAO,2018,20.39224772
Lebanon,LBN,2018,174.4799366
Liberia,LBR,2018,2.282642146
Libya,LBY,2018,1099.786826
St. Lucia,LCA,2018,252.9014949
Latin America & Caribbean,LCN,2018,1233.415032
Least developed countries: UN classification,LDC,2018,34.61162278
Low income,LIC,2018,18.72557356
Liechtenstein,LIE,2018,35162.22633
Sri Lanka,LKA,2018,412.4134749
Lower middle income,LMC,2018,393.7707943
Low & middle income,LMY,2018,829.0678131
Lesotho,LSO,2018,39.37134866
Late-demographic dividend,LTE,2018,1792.661862
Lithuania,LTU,2018,18345.7231
Luxembourg,LUX,2018,43167.33802
Latvia,LVA,2018,14508.89729
"Macao SAR, China",MAC,2018,2650.260593
St. Martin (French part),MAF,2018,295.1910691
Morocco,MAR,2018,295.7328593
Monaco,MCO,2018,10650.94876
Moldova,MDA,2018,2992.202506
Madagascar,MDG,2018,5.445053546
Maldives,MDV,2018,523.5642704
Middle East & North Africa,MEA,2018,423.1132974
Mexico,MEX,2018,225.7454799
Marshall Islands,MHL,2018,136.9558146
Middle income,MIC,2018,924.5332409
North Macedonia,MKD,2018,464.7237246
Mali,MLI,2018,10.53586676
Malta,MLT,2018,14447.9143
Myanmar,MMR,2018,9.197817213
Middle East & North Africa (excluding high income),MNA,2018,192.4539885
Montenegro,MNE,2018,416.1678812
Mongolia,MNG,2018,1689.794487
Northern Mariana Islands,MNP,2018,246.123554
Mozambique,MOZ,2018,11.83212807
Mauritania,MRT,2018,5.450434093
Mauritius,MUS,2018,7844.761294
Malawi,MWI,2018,15.37756468
Malaysia,MYS,2018,5713.037867
North America,NAC,2018,62215.72359
Namibia,NAM,2018,149.4942316
New Caledonia,NCL,2018,3326.761952
Niger,NER,2018,0.490131689
Nigeria,NGA,2018,184.2095617
Nicaragua,NIC,2018,69.29071212
Netherlands,NLD,2018,100585.067
Norway,NOR,2018,20876.73794
Nepal,NPL,2018,182.498702
Nauru,NRU,2018,78.71536524
New Zealand,NZL,2018,17672.50026
OECD members,OED,2018,31352.43152
Oman,OMN,2018,156.7455564
Other small states,OSS,2018,4682.988768
Pakistan,PAK,2018,109.1393008
Panama,PAN,2018,2141.55422
Peru,PER,2018,257.3364007
Philippines,PHL,2018,92.85346025
Palau,PLW,2018,837.6612498
Papua New Guinea,PNG,2018,49.84711228
Poland,POL,2018,16225.44917
Pre-demographic dividend,PRE,2018,61.41770939
Puerto Rico,PRI,2018,384.6451172
"Korea, Dem. People’s Rep.",PRK,2018,0
Portugal,PRT,2018,15980.52941
Paraguay,PRY,2018,248.4160958
West Bank and Gaza,PSE,2018,469.0214916
Pacific island small states,PSS,2018,168.0660642
Post-demographic dividend,PST,2018,36390.5858
French Polynesia,PYF,2018,741.8638068
Qatar,QAT,2018,396.5233922
Romania,ROU,2018,15938.12365
Russian Federation,RUS,2018,5190.61546
Rwanda,RWA,2018,36.49831136
South Asia,SAS,2018,172.1444762
Saudi Arabia,SAU,2018,161.5729544
Sudan,SDN,2018,4.468006297
Senegal,SEN,2018,17.15616398
Singapore,SGP,2018,84713.85836
Solomon Islands,SLB,2018,42.88834632
Sierra Leone,SLE,2018,0
El Salvador,SLV,2018,90.6437011
San Marino,SMR,2018,59257.06675
Somalia,SOM,2018,4.330979013
Serbia,SRB,2018,6900.23208
Sub-Saharan Africa (excluding high income),SSA,2018,713.7961792
South Sudan,SSD,2018,1.366628037
Sub-Saharan Africa,SSF,2018,737.6912749
Small states,SST,2018,3745.774433
Sao Tome and Principe,STP,2018,56.86449192
Suriname,SUR,2018,291.671224
Slovak Republic,SVK,2018,12992.81386
Slovenia,SVN,2018,33122.24409
Sweden,SWE,2018,18593.90612
Eswatini,SWZ,2018,53.6881563
Sint Maarten (Dutch part),SXM,2018,787.1304177
Seychelles,SYC,2018,264256.6297
Syrian Arab Republic,SYR,2018,19.10532315
Turks and Caicos Islands,TCA,2018,743.3957255
Chad,TCD,2018,0.452262089
East Asia & Pacific (IDA & IBRD countries),TEA,2018,680.4524137
Europe & Central Asia (IDA & IBRD countries),TEC,2018,6111.71473
Togo,TGO,2018,7.732193329
Thailand,THA,2018,953.8586763
Tajikistan,TJK,2018,27.36012083
Turkmenistan,TKM,2018,5.981977498
Latin America & the Caribbean (IDA & IBRD countries),TLA,2018,1242.075797
Timor-Leste,TLS,2018,29.18045509
Middle East & North Africa (IDA & IBRD countries),TMN,2018,189.1138651
Tonga,TON,2018,174.4236751
South Asia (IDA & IBRD),TSA,2018,172.1444762
Sub-Saharan Africa (IDA & IBRD countries),TSS,2018,737.6912749
Trinidad and Tobago,TTO,2018,281.3237036
Tunisia,TUN,2018,316.2071331
Turkey,TUR,2018,4335.133582
Tuvalu,TUV,2018,86.8960723
Tanzania,TZA,2018,27.29128347
Uganda,UGA,2018,20.22323313
Ukraine,UKR,2018,6027.808921
Upper middle income,UMC,2018,1529.119244
Uruguay,URY,2018,1574.812737
United States,USA,2018,65767.56047
Uzbekistan,UZB,2018,278.9527665
St. Vincent and the Grenadines,VCT,2018,90.73586789
"Venezuela, RB",VEN,2018,275.5783257
British Virgin Islands,VGB,2018,330716.0593
Virgin Islands (U.S.),VIR,2018,859.9979435
Vietnam,VNM,2018,1769.471437
Vanuatu,VUT,2018,198.1686484
World,WLD,2018,6172.809793
Samoa,WSM,2018,535.3592005
Kosovo,XKX,2018,0
"Yemen, Rep.",YEM,2018,3.754558938
South Africa,ZAF,2018,12034.27741
Zambia,ZMB,2018,41.20604741
Zimbabwe,ZWE,2018,46.60981793